insert into juzhai.tb_category (name,sequence,create_time,last_modify_time) values ('运动',3,'2011-09-17 09:20:46','2011-09-17 09:20:46');
insert into juzhai.tb_category (name,sequence,create_time,last_modify_time) values ('休闲娱乐',2,'2011-09-17 09:20:46','2011-09-17 09:20:46');
insert into juzhai.tb_category (name,sequence,create_time,last_modify_time) values ('旅游',4,'2011-09-17 09:20:46','2011-09-17 09:20:46');
insert into juzhai.tb_category (name,sequence,create_time,last_modify_time) values ('热门',1,'2011-09-17 09:20:46','2011-09-17 09:20:46');

insert into juzhai.tb_act (name,category_ids,popularity,active,create_uid,create_time,last_modify_time) values ('健身馆',1,0,1,0,'2011-09-17 09:20:46','2011-09-17 09:20:46');
insert into juzhai.tb_act (name,category_ids,popularity,active,create_uid,create_time,last_modify_time) values ('打羽毛球','1,4',0,1,0,'2011-09-17 09:20:46','2011-09-17 09:20:46');
insert into juzhai.tb_act (name,category_ids,popularity,active,create_uid,create_time,last_modify_time) values ('游泳','1,4',0,1,0,'2011-09-17 09:20:46','2011-09-17 09:20:46');
insert into juzhai.tb_act (name,category_ids,popularity,active,create_uid,create_time,last_modify_time) values ('打桌球','1,4',0,1,0,'2011-09-17 09:20:46','2011-09-17 09:20:46');
insert into juzhai.tb_act (name,category_ids,popularity,active,create_uid,create_time,last_modify_time) values ('打乒乓','1,4',0,1,0,'2011-09-17 09:20:46','2011-09-17 09:20:46');
insert into juzhai.tb_act (name,category_ids,popularity,active,create_uid,create_time,last_modify_time) values ('打篮球','1,4',0,1,0,'2011-09-17 09:20:46','2011-09-17 09:20:46');
insert into juzhai.tb_act (name,category_ids,popularity,active,create_uid,create_time,last_modify_time) values ('踢足球','1,4',0,1,0,'2011-09-17 09:20:46','2011-09-17 09:20:46');
insert into juzhai.tb_act (name,category_ids,popularity,active,create_uid,create_time,last_modify_time) values ('跑步','1',0,1,0,'2011-09-17 09:20:46','2011-09-17 09:20:46');
insert into juzhai.tb_act (name,category_ids,popularity,active,create_uid,create_time,last_modify_time) values ('远足','1',0,1,0,'2011-09-17 09:20:46','2011-09-17 09:20:46');
insert into juzhai.tb_act (name,category_ids,popularity,active,create_uid,create_time,last_modify_time) values ('练瑜伽',1,0,1,0,'2011-09-17 09:20:46','2011-09-17 09:20:46');
insert into juzhai.tb_act (name,category_ids,popularity,active,create_uid,create_time,last_modify_time) values ('打网球',1,0,1,0,'2011-09-17 09:20:46','2011-09-17 09:20:46');
insert into juzhai.tb_act (name,category_ids,popularity,active,create_uid,create_time,last_modify_time) values ('打保龄球',1,0,1,0,'2011-09-17 09:20:46','2011-09-17 09:20:46');
insert into juzhai.tb_act (name,category_ids,popularity,active,create_uid,create_time,last_modify_time) values ('打壁球',1,0,1,0,'2011-09-17 09:20:46','2011-09-17 09:20:46');
insert into juzhai.tb_act (name,category_ids,popularity,active,create_uid,create_time,last_modify_time) values ('攀岩',1,0,1,0,'2011-09-17 09:20:46','2011-09-17 09:20:46');
insert into juzhai.tb_act (name,category_ids,popularity,active,create_uid,create_time,last_modify_time) values ('溜冰',1,0,1,0,'2011-09-17 09:20:46','2011-09-17 09:20:46');
insert into juzhai.tb_act (name,category_ids,popularity,active,create_uid,create_time,last_modify_time) values ('跳肚皮舞',1,0,1,0,'2011-09-17 09:20:46','2011-09-17 09:20:46');
insert into juzhai.tb_act (name,category_ids,popularity,active,create_uid,create_time,last_modify_time) values ('练跆拳道',1,0,1,0,'2011-09-17 09:20:46','2011-09-17 09:20:46');
insert into juzhai.tb_act (name,category_ids,popularity,active,create_uid,create_time,last_modify_time) values ('打太极',1,0,1,0,'2011-09-17 09:20:46','2011-09-17 09:20:46');
insert into juzhai.tb_act (name,category_ids,popularity,active,create_uid,create_time,last_modify_time) values ('跳舞',1,0,1,0,'2011-09-17 09:20:46','2011-09-17 09:20:46');
insert into juzhai.tb_act (name,category_ids,popularity,active,create_uid,create_time,last_modify_time) values ('潜水',1,0,1,0,'2011-09-17 09:20:46','2011-09-17 09:20:46');
insert into juzhai.tb_act (name,category_ids,popularity,active,create_uid,create_time,last_modify_time) values ('冲浪',1,0,1,0,'2011-09-17 09:20:46','2011-09-17 09:20:46');
insert into juzhai.tb_act (name,category_ids,popularity,active,create_uid,create_time,last_modify_time) values ('打高尔夫球',1,0,1,0,'2011-09-17 09:20:46','2011-09-17 09:20:46');
insert into juzhai.tb_act (name,category_ids,popularity,active,create_uid,create_time,last_modify_time) values ('骑马',1,0,1,0,'2011-09-17 09:20:46','2011-09-17 09:20:46');
insert into juzhai.tb_act (name,category_ids,popularity,active,create_uid,create_time,last_modify_time) values ('射击馆',1,0,1,0,'2011-09-17 09:20:46','2011-09-17 09:20:46');

insert into juzhai.tb_act (name,category_ids,popularity,active,create_uid,create_time,last_modify_time) values ('和朋友聚餐','2,4',0,1,0,'2011-09-17 09:20:46','2011-09-17 09:20:46');
insert into juzhai.tb_act (name,category_ids,popularity,active,create_uid,create_time,last_modify_time) values ('逛街','2,4',0,1,0,'2011-09-17 09:20:46','2011-09-17 09:20:46');
insert into juzhai.tb_act (name,category_ids,popularity,active,create_uid,create_time,last_modify_time) values ('K歌','2,4',0,1,0,'2011-09-17 09:20:46','2011-09-17 09:20:46');
insert into juzhai.tb_act (name,category_ids,popularity,active,create_uid,create_time,last_modify_time) values ('看电影','2,4',0,1,0,'2011-09-17 09:20:46','2011-09-17 09:20:46');
insert into juzhai.tb_act (name,category_ids,popularity,active,create_uid,create_time,last_modify_time) values ('桌游','2,4',0,1,0,'2011-09-17 09:20:46','2011-09-17 09:20:46');
insert into juzhai.tb_act (name,category_ids,popularity,active,create_uid,create_time,last_modify_time) values ('打牌','2,4',0,1,0,'2011-09-17 09:20:46','2011-09-17 09:20:46');
insert into juzhai.tb_act (name,category_ids,popularity,active,create_uid,create_time,last_modify_time) values ('打麻将',2,0,1,0,'2011-09-17 09:20:46','2011-09-17 09:20:46');
insert into juzhai.tb_act (name,category_ids,popularity,active,create_uid,create_time,last_modify_time) values ('朋友家蹭饭','2,4',0,1,0,'2011-09-17 09:20:46','2011-09-17 09:20:46');
insert into juzhai.tb_act (name,category_ids,popularity,active,create_uid,create_time,last_modify_time) values ('酒吧','2,4',0,1,0,'2011-09-17 09:20:46','2011-09-17 09:20:46');
insert into juzhai.tb_act (name,category_ids,popularity,active,create_uid,create_time,last_modify_time) values ('打电动',2,0,1,0,'2011-09-17 09:20:46','2011-09-17 09:20:46');
insert into juzhai.tb_act (name,category_ids,popularity,active,create_uid,create_time,last_modify_time) values ('和朋友一起看球',2,0,1,0,'2011-09-17 09:20:46','2011-09-17 09:20:46');
insert into juzhai.tb_act (name,category_ids,popularity,active,create_uid,create_time,last_modify_time) values ('喝茶聊天',2,0,1,0,'2011-09-17 09:20:46','2011-09-17 09:20:46');
insert into juzhai.tb_act (name,category_ids,popularity,active,create_uid,create_time,last_modify_time) values ('买醉',2,0,1,0,'2011-09-17 09:20:46','2011-09-17 09:20:46');
insert into juzhai.tb_act (name,category_ids,popularity,active,create_uid,create_time,last_modify_time) values ('看演出',2,0,1,0,'2011-09-17 09:20:46','2011-09-17 09:20:46');
insert into juzhai.tb_act (name,category_ids,popularity,active,create_uid,create_time,last_modify_time) values ('玩卡丁车',2,0,1,0,'2011-09-17 09:20:46','2011-09-17 09:20:46');
insert into juzhai.tb_act (name,category_ids,popularity,active,create_uid,create_time,last_modify_time) values ('真人CS',2,0,1,0,'2011-09-17 09:20:46','2011-09-17 09:20:46');
insert into juzhai.tb_act (name,category_ids,popularity,active,create_uid,create_time,last_modify_time) values ('沐浴按摩',2,0,1,0,'2011-09-17 09:20:46','2011-09-17 09:20:46');
insert into juzhai.tb_act (name,category_ids,popularity,active,create_uid,create_time,last_modify_time) values ('做头发',2,0,1,0,'2011-09-17 09:20:46','2011-09-17 09:20:46');
insert into juzhai.tb_act (name,category_ids,popularity,active,create_uid,create_time,last_modify_time) values ('DIY手工坊',2,0,1,0,'2011-09-17 09:20:46','2011-09-17 09:20:46');
insert into juzhai.tb_act (name,category_ids,popularity,active,create_uid,create_time,last_modify_time) values ('足浴',2,0,1,0,'2011-09-17 09:20:46','2011-09-17 09:20:46');
insert into juzhai.tb_act (name,category_ids,popularity,active,create_uid,create_time,last_modify_time) values ('spa',2,0,1,0,'2011-09-17 09:20:46','2011-09-17 09:20:46');
insert into juzhai.tb_act (name,category_ids,popularity,active,create_uid,create_time,last_modify_time) values ('看话剧',2,0,1,0,'2011-09-17 09:20:46','2011-09-17 09:20:46');
insert into juzhai.tb_act (name,category_ids,popularity,active,create_uid,create_time,last_modify_time) values ('私奔',2,0,1,0,'2011-09-17 09:20:46','2011-09-17 09:20:46');
insert into juzhai.tb_act (name,category_ids,popularity,active,create_uid,create_time,last_modify_time) values ('打架泄愤',2,0,1,0,'2011-09-17 09:20:46','2011-09-17 09:20:46');
insert into juzhai.tb_act (name,category_ids,popularity,active,create_uid,create_time,last_modify_time) values ('大街上看美女',2,0,1,0,'2011-09-17 09:20:46','2011-09-17 09:20:46');
insert into juzhai.tb_act (name,category_ids,popularity,active,create_uid,create_time,last_modify_time) values ('做义工',2,0,1,0,'2011-09-17 09:20:46','2011-09-17 09:20:46');
-- insert into juzhai.tb_act (name,category_ids,popularity,active,create_uid,create_time,last_modify_time) values ('打桌球',1,0,1,0,'2011-09-17 09:20:46','2011-09-17 09:20:46');

insert into juzhai.tb_act (name,category_ids,popularity,active,create_uid,create_time,last_modify_time) values ('周边旅游','3,4',0,1,0,'2011-09-17 09:20:46','2011-09-17 09:20:46');
insert into juzhai.tb_act (name,category_ids,popularity,active,create_uid,create_time,last_modify_time) values ('出国旅游','3',0,1,0,'2011-09-17 09:20:46','2011-09-17 09:20:46');
insert into juzhai.tb_act (name,category_ids,popularity,active,create_uid,create_time,last_modify_time) values ('自驾游','3,4',0,1,0,'2011-09-17 09:20:46','2011-09-17 09:20:46');
insert into juzhai.tb_act (name,category_ids,popularity,active,create_uid,create_time,last_modify_time) values ('重游母校',3,0,1,0,'2011-09-17 09:20:46','2011-09-17 09:20:46');
insert into juzhai.tb_act (name,category_ids,popularity,active,create_uid,create_time,last_modify_time) values ('海边','3,4',0,1,0,'2011-09-17 09:20:46','2011-09-17 09:20:46');
insert into juzhai.tb_act (name,category_ids,popularity,active,create_uid,create_time,last_modify_time) values ('泡温泉',3,0,1,0,'2011-09-17 09:20:46','2011-09-17 09:20:46');
insert into juzhai.tb_act (name,category_ids,popularity,active,create_uid,create_time,last_modify_time) values ('大草原',3,0,1,0,'2011-09-17 09:20:46','2011-09-17 09:20:46');
insert into juzhai.tb_act (name,category_ids,popularity,active,create_uid,create_time,last_modify_time) values ('欢乐谷',3,0,1,0,'2011-09-17 09:20:46','2011-09-17 09:20:46');
insert into juzhai.tb_act (name,category_ids,popularity,active,create_uid,create_time,last_modify_time) values ('迪士尼','3,4',0,1,0,'2011-09-17 09:20:46','2011-09-17 09:20:46');
insert into juzhai.tb_act (name,category_ids,popularity,active,create_uid,create_time,last_modify_time) values ('日本','3,4',0,1,0,'2011-09-17 09:20:46','2011-09-17 09:20:46');
insert into juzhai.tb_act (name,category_ids,popularity,active,create_uid,create_time,last_modify_time) values ('台湾','3,4',0,1,0,'2011-09-17 09:20:46','2011-09-17 09:20:46');
insert into juzhai.tb_act (name,category_ids,popularity,active,create_uid,create_time,last_modify_time) values ('香港',3,0,1,0,'2011-09-17 09:20:46','2011-09-17 09:20:46');
insert into juzhai.tb_act (name,category_ids,popularity,active,create_uid,create_time,last_modify_time) values ('拉萨',3,0,1,0,'2011-09-17 09:20:46','2011-09-17 09:20:46');
insert into juzhai.tb_act (name,category_ids,popularity,active,create_uid,create_time,last_modify_time) values ('普吉岛',3,0,1,0,'2011-09-17 09:20:46','2011-09-17 09:20:46');
insert into juzhai.tb_act (name,category_ids,popularity,active,create_uid,create_time,last_modify_time) values ('坐过山车',3,0,1,0,'2011-09-17 09:20:46','2011-09-17 09:20:46');
insert into juzhai.tb_act (name,category_ids,popularity,active,create_uid,create_time,last_modify_time) values ('嘉年华',3,0,1,0,'2011-09-17 09:20:46','2011-09-17 09:20:46');
insert into juzhai.tb_act (name,category_ids,popularity,active,create_uid,create_time,last_modify_time) values ('逛美术馆',3,0,1,0,'2011-09-17 09:20:46','2011-09-17 09:20:46');
insert into juzhai.tb_act (name,category_ids,popularity,active,create_uid,create_time,last_modify_time) values ('逛博物馆',3,0,1,0,'2011-09-17 09:20:46','2011-09-17 09:20:46');
insert into juzhai.tb_act (name,category_ids,popularity,active,create_uid,create_time,last_modify_time) values ('逛公园',3,0,1,0,'2011-09-17 09:20:46','2011-09-17 09:20:46');
insert into juzhai.tb_act (name,category_ids,popularity,active,create_uid,create_time,last_modify_time) values ('游乐场',3,0,1,0,'2011-09-17 09:20:46','2011-09-17 09:20:46');



INSERT INTO `tb_province` (`id`,`name`,`sequence`,`create_time`,`last_modify_time`) VALUES (1,'北京',1,'2011-08-20 00:11:57','2011-08-20 00:11:57');
INSERT INTO `tb_province` (`id`,`name`,`sequence`,`create_time`,`last_modify_time`) VALUES (2,'上海',2,'2011-08-20 00:11:57','2011-08-20 00:11:57');
INSERT INTO `tb_province` (`id`,`name`,`sequence`,`create_time`,`last_modify_time`) VALUES (3,'天津',3,'2011-08-20 00:11:57','2011-08-20 00:11:57');
INSERT INTO `tb_province` (`id`,`name`,`sequence`,`create_time`,`last_modify_time`) VALUES (4,'重庆',4,'2011-08-20 00:11:57','2011-08-20 00:11:57');
INSERT INTO `tb_province` (`id`,`name`,`sequence`,`create_time`,`last_modify_time`) VALUES (5,'黑龙江',5,'2011-08-20 00:11:58','2011-08-20 00:11:58');
INSERT INTO `tb_province` (`id`,`name`,`sequence`,`create_time`,`last_modify_time`) VALUES (6,'吉林',6,'2011-08-20 00:11:58','2011-08-20 00:11:58');
INSERT INTO `tb_province` (`id`,`name`,`sequence`,`create_time`,`last_modify_time`) VALUES (7,'辽宁',7,'2011-08-20 00:11:58','2011-08-20 00:11:58');
INSERT INTO `tb_province` (`id`,`name`,`sequence`,`create_time`,`last_modify_time`) VALUES (8,'山东',8,'2011-08-20 00:11:58','2011-08-20 00:11:58');
INSERT INTO `tb_province` (`id`,`name`,`sequence`,`create_time`,`last_modify_time`) VALUES (9,'山西',9,'2011-08-20 00:11:58','2011-08-20 00:11:58');
INSERT INTO `tb_province` (`id`,`name`,`sequence`,`create_time`,`last_modify_time`) VALUES (10,'陕西',10,'2011-08-20 00:11:58','2011-08-20 00:11:58');
INSERT INTO `tb_province` (`id`,`name`,`sequence`,`create_time`,`last_modify_time`) VALUES (11,'河北',11,'2011-08-20 00:11:58','2011-08-20 00:11:58');
INSERT INTO `tb_province` (`id`,`name`,`sequence`,`create_time`,`last_modify_time`) VALUES (12,'河南',12,'2011-08-20 00:11:58','2011-08-20 00:11:58');
INSERT INTO `tb_province` (`id`,`name`,`sequence`,`create_time`,`last_modify_time`) VALUES (13,'湖北',13,'2011-08-20 00:11:59','2011-08-20 00:11:59');
INSERT INTO `tb_province` (`id`,`name`,`sequence`,`create_time`,`last_modify_time`) VALUES (14,'湖南',14,'2011-08-20 00:11:59','2011-08-20 00:11:59');
INSERT INTO `tb_province` (`id`,`name`,`sequence`,`create_time`,`last_modify_time`) VALUES (15,'海南',15,'2011-08-20 00:11:59','2011-08-20 00:11:59');
INSERT INTO `tb_province` (`id`,`name`,`sequence`,`create_time`,`last_modify_time`) VALUES (16,'江苏',16,'2011-08-20 00:11:59','2011-08-20 00:11:59');
INSERT INTO `tb_province` (`id`,`name`,`sequence`,`create_time`,`last_modify_time`) VALUES (17,'江西',17,'2011-08-20 00:11:59','2011-08-20 00:11:59');
INSERT INTO `tb_province` (`id`,`name`,`sequence`,`create_time`,`last_modify_time`) VALUES (18,'广东',18,'2011-08-20 00:11:59','2011-08-20 00:11:59');
INSERT INTO `tb_province` (`id`,`name`,`sequence`,`create_time`,`last_modify_time`) VALUES (19,'广西',19,'2011-08-20 00:11:59','2011-08-20 00:11:59');
INSERT INTO `tb_province` (`id`,`name`,`sequence`,`create_time`,`last_modify_time`) VALUES (20,'云南',20,'2011-08-20 00:12:00','2011-08-20 00:12:00');
INSERT INTO `tb_province` (`id`,`name`,`sequence`,`create_time`,`last_modify_time`) VALUES (21,'贵州',21,'2011-08-20 00:12:00','2011-08-20 00:12:00');
INSERT INTO `tb_province` (`id`,`name`,`sequence`,`create_time`,`last_modify_time`) VALUES (22,'四川',22,'2011-08-20 00:12:00','2011-08-20 00:12:00');
INSERT INTO `tb_province` (`id`,`name`,`sequence`,`create_time`,`last_modify_time`) VALUES (23,'内蒙古',23,'2011-08-20 00:12:00','2011-08-20 00:12:00');
INSERT INTO `tb_province` (`id`,`name`,`sequence`,`create_time`,`last_modify_time`) VALUES (24,'宁夏',24,'2011-08-20 00:12:00','2011-08-20 00:12:00');
INSERT INTO `tb_province` (`id`,`name`,`sequence`,`create_time`,`last_modify_time`) VALUES (25,'甘肃',25,'2011-08-20 00:12:00','2011-08-20 00:12:00');
INSERT INTO `tb_province` (`id`,`name`,`sequence`,`create_time`,`last_modify_time`) VALUES (26,'青海',26,'2011-08-20 00:12:00','2011-08-20 00:12:00');
INSERT INTO `tb_province` (`id`,`name`,`sequence`,`create_time`,`last_modify_time`) VALUES (27,'西藏',27,'2011-08-20 00:12:00','2011-08-20 00:12:00');
INSERT INTO `tb_province` (`id`,`name`,`sequence`,`create_time`,`last_modify_time`) VALUES (28,'新疆',28,'2011-08-20 00:12:01','2011-08-20 00:12:01');
INSERT INTO `tb_province` (`id`,`name`,`sequence`,`create_time`,`last_modify_time`) VALUES (29,'安徽',29,'2011-08-20 00:12:01','2011-08-20 00:12:01');
INSERT INTO `tb_province` (`id`,`name`,`sequence`,`create_time`,`last_modify_time`) VALUES (30,'浙江',30,'2011-08-20 00:12:01','2011-08-20 00:12:01');
INSERT INTO `tb_province` (`id`,`name`,`sequence`,`create_time`,`last_modify_time`) VALUES (31,'福建',31,'2011-08-20 00:12:01','2011-08-20 00:12:01');
INSERT INTO `tb_province` (`id`,`name`,`sequence`,`create_time`,`last_modify_time`) VALUES (32,'香港',32,'2011-08-20 00:12:01','2011-08-20 00:12:01');
INSERT INTO `tb_province` (`id`,`name`,`sequence`,`create_time`,`last_modify_time`) VALUES (33,'台湾',33,'2011-08-20 00:12:01','2011-08-20 00:12:01');
INSERT INTO `tb_province` (`id`,`name`,`sequence`,`create_time`,`last_modify_time`) VALUES (34,'澳门',34,'2011-08-20 00:12:01','2011-08-20 00:12:01');
INSERT INTO `tb_province` (`id`,`name`,`sequence`,`create_time`,`last_modify_time`) VALUES (35,'海外',35,'2011-08-20 00:12:01','2011-08-20 00:12:01');

INSERT INTO `tb_city` (`id`,`name`,`province_id`,`sequence`,`create_time`,`last_modify_time`) VALUES (1,'北京',1,1,'2011-08-20 00:11:57','2011-08-20 00:11:57');
INSERT INTO `tb_city` (`id`,`name`,`province_id`,`sequence`,`create_time`,`last_modify_time`) VALUES (2,'上海',2,1,'2011-08-20 00:11:57','2011-08-20 00:11:57');
INSERT INTO `tb_city` (`id`,`name`,`province_id`,`sequence`,`create_time`,`last_modify_time`) VALUES (3,'天津',3,1,'2011-08-20 00:11:57','2011-08-20 00:11:57');
INSERT INTO `tb_city` (`id`,`name`,`province_id`,`sequence`,`create_time`,`last_modify_time`) VALUES (4,'重庆',4,1,'2011-08-20 00:11:58','2011-08-20 00:11:58');
INSERT INTO `tb_city` (`id`,`name`,`province_id`,`sequence`,`create_time`,`last_modify_time`) VALUES (5,'哈尔滨',5,1,'2011-08-20 00:11:58','2011-08-20 00:11:58');
INSERT INTO `tb_city` (`id`,`name`,`province_id`,`sequence`,`create_time`,`last_modify_time`) VALUES (6,'齐齐哈尔',5,2,'2011-08-20 00:11:58','2011-08-20 00:11:58');
INSERT INTO `tb_city` (`id`,`name`,`province_id`,`sequence`,`create_time`,`last_modify_time`) VALUES (7,'鸡西',5,3,'2011-08-20 00:11:58','2011-08-20 00:11:58');
INSERT INTO `tb_city` (`id`,`name`,`province_id`,`sequence`,`create_time`,`last_modify_time`) VALUES (8,'鹤岗',5,4,'2011-08-20 00:11:58','2011-08-20 00:11:58');
INSERT INTO `tb_city` (`id`,`name`,`province_id`,`sequence`,`create_time`,`last_modify_time`) VALUES (9,'双鸭山',5,5,'2011-08-20 00:11:58','2011-08-20 00:11:58');
INSERT INTO `tb_city` (`id`,`name`,`province_id`,`sequence`,`create_time`,`last_modify_time`) VALUES (10,'大庆',5,6,'2011-08-20 00:11:58','2011-08-20 00:11:58');
INSERT INTO `tb_city` (`id`,`name`,`province_id`,`sequence`,`create_time`,`last_modify_time`) VALUES (11,'伊春',5,7,'2011-08-20 00:11:58','2011-08-20 00:11:58');
INSERT INTO `tb_city` (`id`,`name`,`province_id`,`sequence`,`create_time`,`last_modify_time`) VALUES (12,'佳木斯',5,8,'2011-08-20 00:11:58','2011-08-20 00:11:58');
INSERT INTO `tb_city` (`id`,`name`,`province_id`,`sequence`,`create_time`,`last_modify_time`) VALUES (13,'七台河',5,9,'2011-08-20 00:11:58','2011-08-20 00:11:58');
INSERT INTO `tb_city` (`id`,`name`,`province_id`,`sequence`,`create_time`,`last_modify_time`) VALUES (14,'牡丹江',5,10,'2011-08-20 00:11:58','2011-08-20 00:11:58');
INSERT INTO `tb_city` (`id`,`name`,`province_id`,`sequence`,`create_time`,`last_modify_time`) VALUES (15,'黑河',5,11,'2011-08-20 00:11:58','2011-08-20 00:11:58');
INSERT INTO `tb_city` (`id`,`name`,`province_id`,`sequence`,`create_time`,`last_modify_time`) VALUES (16,'绥化',5,12,'2011-08-20 00:11:58','2011-08-20 00:11:58');
INSERT INTO `tb_city` (`id`,`name`,`province_id`,`sequence`,`create_time`,`last_modify_time`) VALUES (17,'大兴安岭地区',5,13,'2011-08-20 00:11:58','2011-08-20 00:11:58');
INSERT INTO `tb_city` (`id`,`name`,`province_id`,`sequence`,`create_time`,`last_modify_time`) VALUES (18,'长春',6,1,'2011-08-20 00:11:58','2011-08-20 00:11:58');
INSERT INTO `tb_city` (`id`,`name`,`province_id`,`sequence`,`create_time`,`last_modify_time`) VALUES (19,'吉林',6,2,'2011-08-20 00:11:58','2011-08-20 00:11:58');
INSERT INTO `tb_city` (`id`,`name`,`province_id`,`sequence`,`create_time`,`last_modify_time`) VALUES (20,'四平',6,3,'2011-08-20 00:11:58','2011-08-20 00:11:58');
INSERT INTO `tb_city` (`id`,`name`,`province_id`,`sequence`,`create_time`,`last_modify_time`) VALUES (21,'辽源',6,4,'2011-08-20 00:11:58','2011-08-20 00:11:58');
INSERT INTO `tb_city` (`id`,`name`,`province_id`,`sequence`,`create_time`,`last_modify_time`) VALUES (22,'通化',6,5,'2011-08-20 00:11:58','2011-08-20 00:11:58');
INSERT INTO `tb_city` (`id`,`name`,`province_id`,`sequence`,`create_time`,`last_modify_time`) VALUES (23,'白山',6,6,'2011-08-20 00:11:58','2011-08-20 00:11:58');
INSERT INTO `tb_city` (`id`,`name`,`province_id`,`sequence`,`create_time`,`last_modify_time`) VALUES (24,'松原',6,7,'2011-08-20 00:11:58','2011-08-20 00:11:58');
INSERT INTO `tb_city` (`id`,`name`,`province_id`,`sequence`,`create_time`,`last_modify_time`) VALUES (25,'白城',6,8,'2011-08-20 00:11:58','2011-08-20 00:11:58');
INSERT INTO `tb_city` (`id`,`name`,`province_id`,`sequence`,`create_time`,`last_modify_time`) VALUES (26,'延边朝鲜族自治州',6,9,'2011-08-20 00:11:58','2011-08-20 00:11:58');
INSERT INTO `tb_city` (`id`,`name`,`province_id`,`sequence`,`create_time`,`last_modify_time`) VALUES (27,'沈阳',7,1,'2011-08-20 00:11:58','2011-08-20 00:11:58');
INSERT INTO `tb_city` (`id`,`name`,`province_id`,`sequence`,`create_time`,`last_modify_time`) VALUES (28,'大连',7,2,'2011-08-20 00:11:58','2011-08-20 00:11:58');
INSERT INTO `tb_city` (`id`,`name`,`province_id`,`sequence`,`create_time`,`last_modify_time`) VALUES (29,'鞍山',7,3,'2011-08-20 00:11:58','2011-08-20 00:11:58');
INSERT INTO `tb_city` (`id`,`name`,`province_id`,`sequence`,`create_time`,`last_modify_time`) VALUES (30,'抚顺',7,4,'2011-08-20 00:11:58','2011-08-20 00:11:58');
INSERT INTO `tb_city` (`id`,`name`,`province_id`,`sequence`,`create_time`,`last_modify_time`) VALUES (31,'本溪',7,5,'2011-08-20 00:11:58','2011-08-20 00:11:58');
INSERT INTO `tb_city` (`id`,`name`,`province_id`,`sequence`,`create_time`,`last_modify_time`) VALUES (32,'丹东',7,6,'2011-08-20 00:11:58','2011-08-20 00:11:58');
INSERT INTO `tb_city` (`id`,`name`,`province_id`,`sequence`,`create_time`,`last_modify_time`) VALUES (33,'锦州',7,7,'2011-08-20 00:11:58','2011-08-20 00:11:58');
INSERT INTO `tb_city` (`id`,`name`,`province_id`,`sequence`,`create_time`,`last_modify_time`) VALUES (34,'营口',7,8,'2011-08-20 00:11:58','2011-08-20 00:11:58');
INSERT INTO `tb_city` (`id`,`name`,`province_id`,`sequence`,`create_time`,`last_modify_time`) VALUES (35,'阜新',7,9,'2011-08-20 00:11:58','2011-08-20 00:11:58');
INSERT INTO `tb_city` (`id`,`name`,`province_id`,`sequence`,`create_time`,`last_modify_time`) VALUES (36,'辽阳',7,10,'2011-08-20 00:11:58','2011-08-20 00:11:58');
INSERT INTO `tb_city` (`id`,`name`,`province_id`,`sequence`,`create_time`,`last_modify_time`) VALUES (37,'盘锦',7,11,'2011-08-20 00:11:58','2011-08-20 00:11:58');
INSERT INTO `tb_city` (`id`,`name`,`province_id`,`sequence`,`create_time`,`last_modify_time`) VALUES (38,'铁岭',7,12,'2011-08-20 00:11:58','2011-08-20 00:11:58');
INSERT INTO `tb_city` (`id`,`name`,`province_id`,`sequence`,`create_time`,`last_modify_time`) VALUES (39,'朝阳',7,13,'2011-08-20 00:11:58','2011-08-20 00:11:58');
INSERT INTO `tb_city` (`id`,`name`,`province_id`,`sequence`,`create_time`,`last_modify_time`) VALUES (40,'葫芦岛',7,14,'2011-08-20 00:11:58','2011-08-20 00:11:58');
INSERT INTO `tb_city` (`id`,`name`,`province_id`,`sequence`,`create_time`,`last_modify_time`) VALUES (41,'济南',8,1,'2011-08-20 00:11:58','2011-08-20 00:11:58');
INSERT INTO `tb_city` (`id`,`name`,`province_id`,`sequence`,`create_time`,`last_modify_time`) VALUES (42,'青岛',8,2,'2011-08-20 00:11:58','2011-08-20 00:11:58');
INSERT INTO `tb_city` (`id`,`name`,`province_id`,`sequence`,`create_time`,`last_modify_time`) VALUES (43,'淄博',8,3,'2011-08-20 00:11:58','2011-08-20 00:11:58');
INSERT INTO `tb_city` (`id`,`name`,`province_id`,`sequence`,`create_time`,`last_modify_time`) VALUES (44,'枣庄',8,4,'2011-08-20 00:11:58','2011-08-20 00:11:58');
INSERT INTO `tb_city` (`id`,`name`,`province_id`,`sequence`,`create_time`,`last_modify_time`) VALUES (45,'东营',8,5,'2011-08-20 00:11:58','2011-08-20 00:11:58');
INSERT INTO `tb_city` (`id`,`name`,`province_id`,`sequence`,`create_time`,`last_modify_time`) VALUES (46,'烟台',8,6,'2011-08-20 00:11:58','2011-08-20 00:11:58');
INSERT INTO `tb_city` (`id`,`name`,`province_id`,`sequence`,`create_time`,`last_modify_time`) VALUES (47,'潍坊',8,7,'2011-08-20 00:11:58','2011-08-20 00:11:58');
INSERT INTO `tb_city` (`id`,`name`,`province_id`,`sequence`,`create_time`,`last_modify_time`) VALUES (48,'济宁',8,8,'2011-08-20 00:11:58','2011-08-20 00:11:58');
INSERT INTO `tb_city` (`id`,`name`,`province_id`,`sequence`,`create_time`,`last_modify_time`) VALUES (49,'泰安',8,9,'2011-08-20 00:11:58','2011-08-20 00:11:58');
INSERT INTO `tb_city` (`id`,`name`,`province_id`,`sequence`,`create_time`,`last_modify_time`) VALUES (50,'威海',8,10,'2011-08-20 00:11:58','2011-08-20 00:11:58');
INSERT INTO `tb_city` (`id`,`name`,`province_id`,`sequence`,`create_time`,`last_modify_time`) VALUES (51,'日照',8,11,'2011-08-20 00:11:58','2011-08-20 00:11:58');
INSERT INTO `tb_city` (`id`,`name`,`province_id`,`sequence`,`create_time`,`last_modify_time`) VALUES (52,'莱芜',8,12,'2011-08-20 00:11:58','2011-08-20 00:11:58');
INSERT INTO `tb_city` (`id`,`name`,`province_id`,`sequence`,`create_time`,`last_modify_time`) VALUES (53,'临沂',8,13,'2011-08-20 00:11:58','2011-08-20 00:11:58');
INSERT INTO `tb_city` (`id`,`name`,`province_id`,`sequence`,`create_time`,`last_modify_time`) VALUES (54,'德州',8,14,'2011-08-20 00:11:58','2011-08-20 00:11:58');
INSERT INTO `tb_city` (`id`,`name`,`province_id`,`sequence`,`create_time`,`last_modify_time`) VALUES (55,'聊城',8,15,'2011-08-20 00:11:58','2011-08-20 00:11:58');
INSERT INTO `tb_city` (`id`,`name`,`province_id`,`sequence`,`create_time`,`last_modify_time`) VALUES (56,'滨州',8,16,'2011-08-20 00:11:58','2011-08-20 00:11:58');
INSERT INTO `tb_city` (`id`,`name`,`province_id`,`sequence`,`create_time`,`last_modify_time`) VALUES (57,'菏泽',8,17,'2011-08-20 00:11:58','2011-08-20 00:11:58');
INSERT INTO `tb_city` (`id`,`name`,`province_id`,`sequence`,`create_time`,`last_modify_time`) VALUES (58,'太原',9,1,'2011-08-20 00:11:58','2011-08-20 00:11:58');
INSERT INTO `tb_city` (`id`,`name`,`province_id`,`sequence`,`create_time`,`last_modify_time`) VALUES (59,'大同',9,2,'2011-08-20 00:11:58','2011-08-20 00:11:58');
INSERT INTO `tb_city` (`id`,`name`,`province_id`,`sequence`,`create_time`,`last_modify_time`) VALUES (60,'阳泉',9,3,'2011-08-20 00:11:58','2011-08-20 00:11:58');
INSERT INTO `tb_city` (`id`,`name`,`province_id`,`sequence`,`create_time`,`last_modify_time`) VALUES (61,'长治',9,4,'2011-08-20 00:11:58','2011-08-20 00:11:58');
INSERT INTO `tb_city` (`id`,`name`,`province_id`,`sequence`,`create_time`,`last_modify_time`) VALUES (62,'晋城',9,5,'2011-08-20 00:11:58','2011-08-20 00:11:58');
INSERT INTO `tb_city` (`id`,`name`,`province_id`,`sequence`,`create_time`,`last_modify_time`) VALUES (63,'朔州',9,6,'2011-08-20 00:11:58','2011-08-20 00:11:58');
INSERT INTO `tb_city` (`id`,`name`,`province_id`,`sequence`,`create_time`,`last_modify_time`) VALUES (64,'晋中',9,7,'2011-08-20 00:11:58','2011-08-20 00:11:58');
INSERT INTO `tb_city` (`id`,`name`,`province_id`,`sequence`,`create_time`,`last_modify_time`) VALUES (65,'运城',9,8,'2011-08-20 00:11:58','2011-08-20 00:11:58');
INSERT INTO `tb_city` (`id`,`name`,`province_id`,`sequence`,`create_time`,`last_modify_time`) VALUES (66,'忻州',9,9,'2011-08-20 00:11:58','2011-08-20 00:11:58');
INSERT INTO `tb_city` (`id`,`name`,`province_id`,`sequence`,`create_time`,`last_modify_time`) VALUES (67,'临汾',9,10,'2011-08-20 00:11:58','2011-08-20 00:11:58');
INSERT INTO `tb_city` (`id`,`name`,`province_id`,`sequence`,`create_time`,`last_modify_time`) VALUES (68,'吕梁',9,11,'2011-08-20 00:11:58','2011-08-20 00:11:58');
INSERT INTO `tb_city` (`id`,`name`,`province_id`,`sequence`,`create_time`,`last_modify_time`) VALUES (69,'西安',10,1,'2011-08-20 00:11:58','2011-08-20 00:11:58');
INSERT INTO `tb_city` (`id`,`name`,`province_id`,`sequence`,`create_time`,`last_modify_time`) VALUES (70,'铜川',10,2,'2011-08-20 00:11:58','2011-08-20 00:11:58');
INSERT INTO `tb_city` (`id`,`name`,`province_id`,`sequence`,`create_time`,`last_modify_time`) VALUES (71,'宝鸡',10,3,'2011-08-20 00:11:58','2011-08-20 00:11:58');
INSERT INTO `tb_city` (`id`,`name`,`province_id`,`sequence`,`create_time`,`last_modify_time`) VALUES (72,'咸阳',10,4,'2011-08-20 00:11:58','2011-08-20 00:11:58');
INSERT INTO `tb_city` (`id`,`name`,`province_id`,`sequence`,`create_time`,`last_modify_time`) VALUES (73,'渭南',10,5,'2011-08-20 00:11:58','2011-08-20 00:11:58');
INSERT INTO `tb_city` (`id`,`name`,`province_id`,`sequence`,`create_time`,`last_modify_time`) VALUES (74,'延安',10,6,'2011-08-20 00:11:58','2011-08-20 00:11:58');
INSERT INTO `tb_city` (`id`,`name`,`province_id`,`sequence`,`create_time`,`last_modify_time`) VALUES (75,'汉中',10,7,'2011-08-20 00:11:58','2011-08-20 00:11:58');
INSERT INTO `tb_city` (`id`,`name`,`province_id`,`sequence`,`create_time`,`last_modify_time`) VALUES (76,'榆林',10,8,'2011-08-20 00:11:58','2011-08-20 00:11:58');
INSERT INTO `tb_city` (`id`,`name`,`province_id`,`sequence`,`create_time`,`last_modify_time`) VALUES (77,'安康',10,9,'2011-08-20 00:11:58','2011-08-20 00:11:58');
INSERT INTO `tb_city` (`id`,`name`,`province_id`,`sequence`,`create_time`,`last_modify_time`) VALUES (78,'商洛',10,10,'2011-08-20 00:11:58','2011-08-20 00:11:58');
INSERT INTO `tb_city` (`id`,`name`,`province_id`,`sequence`,`create_time`,`last_modify_time`) VALUES (79,'石家庄',11,1,'2011-08-20 00:11:58','2011-08-20 00:11:58');
INSERT INTO `tb_city` (`id`,`name`,`province_id`,`sequence`,`create_time`,`last_modify_time`) VALUES (80,'唐山',11,2,'2011-08-20 00:11:58','2011-08-20 00:11:58');
INSERT INTO `tb_city` (`id`,`name`,`province_id`,`sequence`,`create_time`,`last_modify_time`) VALUES (81,'秦皇岛',11,3,'2011-08-20 00:11:58','2011-08-20 00:11:58');
INSERT INTO `tb_city` (`id`,`name`,`province_id`,`sequence`,`create_time`,`last_modify_time`) VALUES (82,'邯郸',11,4,'2011-08-20 00:11:58','2011-08-20 00:11:58');
INSERT INTO `tb_city` (`id`,`name`,`province_id`,`sequence`,`create_time`,`last_modify_time`) VALUES (83,'邢台',11,5,'2011-08-20 00:11:58','2011-08-20 00:11:58');
INSERT INTO `tb_city` (`id`,`name`,`province_id`,`sequence`,`create_time`,`last_modify_time`) VALUES (84,'保定',11,6,'2011-08-20 00:11:58','2011-08-20 00:11:58');
INSERT INTO `tb_city` (`id`,`name`,`province_id`,`sequence`,`create_time`,`last_modify_time`) VALUES (85,'张家口',11,7,'2011-08-20 00:11:58','2011-08-20 00:11:58');
INSERT INTO `tb_city` (`id`,`name`,`province_id`,`sequence`,`create_time`,`last_modify_time`) VALUES (86,'承德',11,8,'2011-08-20 00:11:58','2011-08-20 00:11:58');
INSERT INTO `tb_city` (`id`,`name`,`province_id`,`sequence`,`create_time`,`last_modify_time`) VALUES (87,'沧州',11,9,'2011-08-20 00:11:58','2011-08-20 00:11:58');
INSERT INTO `tb_city` (`id`,`name`,`province_id`,`sequence`,`create_time`,`last_modify_time`) VALUES (88,'廊坊',11,10,'2011-08-20 00:11:58','2011-08-20 00:11:58');
INSERT INTO `tb_city` (`id`,`name`,`province_id`,`sequence`,`create_time`,`last_modify_time`) VALUES (89,'衡水',11,11,'2011-08-20 00:11:58','2011-08-20 00:11:58');
INSERT INTO `tb_city` (`id`,`name`,`province_id`,`sequence`,`create_time`,`last_modify_time`) VALUES (90,'郑州',12,1,'2011-08-20 00:11:59','2011-08-20 00:11:59');
INSERT INTO `tb_city` (`id`,`name`,`province_id`,`sequence`,`create_time`,`last_modify_time`) VALUES (91,'开封',12,2,'2011-08-20 00:11:59','2011-08-20 00:11:59');
INSERT INTO `tb_city` (`id`,`name`,`province_id`,`sequence`,`create_time`,`last_modify_time`) VALUES (92,'洛阳',12,3,'2011-08-20 00:11:59','2011-08-20 00:11:59');
INSERT INTO `tb_city` (`id`,`name`,`province_id`,`sequence`,`create_time`,`last_modify_time`) VALUES (93,'平顶山',12,4,'2011-08-20 00:11:59','2011-08-20 00:11:59');
INSERT INTO `tb_city` (`id`,`name`,`province_id`,`sequence`,`create_time`,`last_modify_time`) VALUES (94,'安阳',12,5,'2011-08-20 00:11:59','2011-08-20 00:11:59');
INSERT INTO `tb_city` (`id`,`name`,`province_id`,`sequence`,`create_time`,`last_modify_time`) VALUES (95,'鹤壁',12,6,'2011-08-20 00:11:59','2011-08-20 00:11:59');
INSERT INTO `tb_city` (`id`,`name`,`province_id`,`sequence`,`create_time`,`last_modify_time`) VALUES (96,'新乡',12,7,'2011-08-20 00:11:59','2011-08-20 00:11:59');
INSERT INTO `tb_city` (`id`,`name`,`province_id`,`sequence`,`create_time`,`last_modify_time`) VALUES (97,'焦作',12,8,'2011-08-20 00:11:59','2011-08-20 00:11:59');
INSERT INTO `tb_city` (`id`,`name`,`province_id`,`sequence`,`create_time`,`last_modify_time`) VALUES (98,'济源',12,9,'2011-08-20 00:11:59','2011-08-20 00:11:59');
INSERT INTO `tb_city` (`id`,`name`,`province_id`,`sequence`,`create_time`,`last_modify_time`) VALUES (99,'濮阳',12,10,'2011-08-20 00:11:59','2011-08-20 00:11:59');
INSERT INTO `tb_city` (`id`,`name`,`province_id`,`sequence`,`create_time`,`last_modify_time`) VALUES (100,'许昌',12,11,'2011-08-20 00:11:59','2011-08-20 00:11:59');
INSERT INTO `tb_city` (`id`,`name`,`province_id`,`sequence`,`create_time`,`last_modify_time`) VALUES (101,'漯河',12,12,'2011-08-20 00:11:59','2011-08-20 00:11:59');
INSERT INTO `tb_city` (`id`,`name`,`province_id`,`sequence`,`create_time`,`last_modify_time`) VALUES (102,'三门峡',12,13,'2011-08-20 00:11:59','2011-08-20 00:11:59');
INSERT INTO `tb_city` (`id`,`name`,`province_id`,`sequence`,`create_time`,`last_modify_time`) VALUES (103,'南阳',12,14,'2011-08-20 00:11:59','2011-08-20 00:11:59');
INSERT INTO `tb_city` (`id`,`name`,`province_id`,`sequence`,`create_time`,`last_modify_time`) VALUES (104,'商丘',12,15,'2011-08-20 00:11:59','2011-08-20 00:11:59');
INSERT INTO `tb_city` (`id`,`name`,`province_id`,`sequence`,`create_time`,`last_modify_time`) VALUES (105,'信阳',12,16,'2011-08-20 00:11:59','2011-08-20 00:11:59');
INSERT INTO `tb_city` (`id`,`name`,`province_id`,`sequence`,`create_time`,`last_modify_time`) VALUES (106,'周口',12,17,'2011-08-20 00:11:59','2011-08-20 00:11:59');
INSERT INTO `tb_city` (`id`,`name`,`province_id`,`sequence`,`create_time`,`last_modify_time`) VALUES (107,'驻马店',12,18,'2011-08-20 00:11:59','2011-08-20 00:11:59');
INSERT INTO `tb_city` (`id`,`name`,`province_id`,`sequence`,`create_time`,`last_modify_time`) VALUES (108,'武汉',13,1,'2011-08-20 00:11:59','2011-08-20 00:11:59');
INSERT INTO `tb_city` (`id`,`name`,`province_id`,`sequence`,`create_time`,`last_modify_time`) VALUES (109,'黄石',13,2,'2011-08-20 00:11:59','2011-08-20 00:11:59');
INSERT INTO `tb_city` (`id`,`name`,`province_id`,`sequence`,`create_time`,`last_modify_time`) VALUES (110,'十堰',13,3,'2011-08-20 00:11:59','2011-08-20 00:11:59');
INSERT INTO `tb_city` (`id`,`name`,`province_id`,`sequence`,`create_time`,`last_modify_time`) VALUES (111,'宜昌',13,4,'2011-08-20 00:11:59','2011-08-20 00:11:59');
INSERT INTO `tb_city` (`id`,`name`,`province_id`,`sequence`,`create_time`,`last_modify_time`) VALUES (112,'襄樊',13,5,'2011-08-20 00:11:59','2011-08-20 00:11:59');
INSERT INTO `tb_city` (`id`,`name`,`province_id`,`sequence`,`create_time`,`last_modify_time`) VALUES (113,'鄂州',13,6,'2011-08-20 00:11:59','2011-08-20 00:11:59');
INSERT INTO `tb_city` (`id`,`name`,`province_id`,`sequence`,`create_time`,`last_modify_time`) VALUES (114,'荆门',13,7,'2011-08-20 00:11:59','2011-08-20 00:11:59');
INSERT INTO `tb_city` (`id`,`name`,`province_id`,`sequence`,`create_time`,`last_modify_time`) VALUES (115,'孝感',13,8,'2011-08-20 00:11:59','2011-08-20 00:11:59');
INSERT INTO `tb_city` (`id`,`name`,`province_id`,`sequence`,`create_time`,`last_modify_time`) VALUES (116,'荆州',13,9,'2011-08-20 00:11:59','2011-08-20 00:11:59');
INSERT INTO `tb_city` (`id`,`name`,`province_id`,`sequence`,`create_time`,`last_modify_time`) VALUES (117,'黄冈',13,10,'2011-08-20 00:11:59','2011-08-20 00:11:59');
INSERT INTO `tb_city` (`id`,`name`,`province_id`,`sequence`,`create_time`,`last_modify_time`) VALUES (118,'咸宁',13,11,'2011-08-20 00:11:59','2011-08-20 00:11:59');
INSERT INTO `tb_city` (`id`,`name`,`province_id`,`sequence`,`create_time`,`last_modify_time`) VALUES (119,'随州',13,12,'2011-08-20 00:11:59','2011-08-20 00:11:59');
INSERT INTO `tb_city` (`id`,`name`,`province_id`,`sequence`,`create_time`,`last_modify_time`) VALUES (120,'恩施土家族苗族自治州',13,13,'2011-08-20 00:11:59','2011-08-20 00:11:59');
INSERT INTO `tb_city` (`id`,`name`,`province_id`,`sequence`,`create_time`,`last_modify_time`) VALUES (121,'仙桃',13,14,'2011-08-20 00:11:59','2011-08-20 00:11:59');
INSERT INTO `tb_city` (`id`,`name`,`province_id`,`sequence`,`create_time`,`last_modify_time`) VALUES (122,'潜江',13,15,'2011-08-20 00:11:59','2011-08-20 00:11:59');
INSERT INTO `tb_city` (`id`,`name`,`province_id`,`sequence`,`create_time`,`last_modify_time`) VALUES (123,'天门',13,16,'2011-08-20 00:11:59','2011-08-20 00:11:59');
INSERT INTO `tb_city` (`id`,`name`,`province_id`,`sequence`,`create_time`,`last_modify_time`) VALUES (124,'神农架林区',13,17,'2011-08-20 00:11:59','2011-08-20 00:11:59');
INSERT INTO `tb_city` (`id`,`name`,`province_id`,`sequence`,`create_time`,`last_modify_time`) VALUES (125,'长沙',14,1,'2011-08-20 00:11:59','2011-08-20 00:11:59');
INSERT INTO `tb_city` (`id`,`name`,`province_id`,`sequence`,`create_time`,`last_modify_time`) VALUES (126,'株洲',14,2,'2011-08-20 00:11:59','2011-08-20 00:11:59');
INSERT INTO `tb_city` (`id`,`name`,`province_id`,`sequence`,`create_time`,`last_modify_time`) VALUES (127,'湘潭',14,3,'2011-08-20 00:11:59','2011-08-20 00:11:59');
INSERT INTO `tb_city` (`id`,`name`,`province_id`,`sequence`,`create_time`,`last_modify_time`) VALUES (128,'衡阳',14,4,'2011-08-20 00:11:59','2011-08-20 00:11:59');
INSERT INTO `tb_city` (`id`,`name`,`province_id`,`sequence`,`create_time`,`last_modify_time`) VALUES (129,'邵阳',14,5,'2011-08-20 00:11:59','2011-08-20 00:11:59');
INSERT INTO `tb_city` (`id`,`name`,`province_id`,`sequence`,`create_time`,`last_modify_time`) VALUES (130,'岳阳',14,6,'2011-08-20 00:11:59','2011-08-20 00:11:59');
INSERT INTO `tb_city` (`id`,`name`,`province_id`,`sequence`,`create_time`,`last_modify_time`) VALUES (131,'常德',14,7,'2011-08-20 00:11:59','2011-08-20 00:11:59');
INSERT INTO `tb_city` (`id`,`name`,`province_id`,`sequence`,`create_time`,`last_modify_time`) VALUES (132,'张家界',14,8,'2011-08-20 00:11:59','2011-08-20 00:11:59');
INSERT INTO `tb_city` (`id`,`name`,`province_id`,`sequence`,`create_time`,`last_modify_time`) VALUES (133,'益阳',14,9,'2011-08-20 00:11:59','2011-08-20 00:11:59');
INSERT INTO `tb_city` (`id`,`name`,`province_id`,`sequence`,`create_time`,`last_modify_time`) VALUES (134,'郴州',14,10,'2011-08-20 00:11:59','2011-08-20 00:11:59');
INSERT INTO `tb_city` (`id`,`name`,`province_id`,`sequence`,`create_time`,`last_modify_time`) VALUES (135,'永州',14,11,'2011-08-20 00:11:59','2011-08-20 00:11:59');
INSERT INTO `tb_city` (`id`,`name`,`province_id`,`sequence`,`create_time`,`last_modify_time`) VALUES (136,'怀化',14,12,'2011-08-20 00:11:59','2011-08-20 00:11:59');
INSERT INTO `tb_city` (`id`,`name`,`province_id`,`sequence`,`create_time`,`last_modify_time`) VALUES (137,'娄底',14,13,'2011-08-20 00:11:59','2011-08-20 00:11:59');
INSERT INTO `tb_city` (`id`,`name`,`province_id`,`sequence`,`create_time`,`last_modify_time`) VALUES (138,'湘西土家族苗族自治州',14,14,'2011-08-20 00:11:59','2011-08-20 00:11:59');
INSERT INTO `tb_city` (`id`,`name`,`province_id`,`sequence`,`create_time`,`last_modify_time`) VALUES (139,'海口',15,1,'2011-08-20 00:11:59','2011-08-20 00:11:59');
INSERT INTO `tb_city` (`id`,`name`,`province_id`,`sequence`,`create_time`,`last_modify_time`) VALUES (140,'三亚',15,2,'2011-08-20 00:11:59','2011-08-20 00:11:59');
INSERT INTO `tb_city` (`id`,`name`,`province_id`,`sequence`,`create_time`,`last_modify_time`) VALUES (141,'五指山',15,3,'2011-08-20 00:11:59','2011-08-20 00:11:59');
INSERT INTO `tb_city` (`id`,`name`,`province_id`,`sequence`,`create_time`,`last_modify_time`) VALUES (142,'琼海',15,4,'2011-08-20 00:11:59','2011-08-20 00:11:59');
INSERT INTO `tb_city` (`id`,`name`,`province_id`,`sequence`,`create_time`,`last_modify_time`) VALUES (143,'儋州',15,5,'2011-08-20 00:11:59','2011-08-20 00:11:59');
INSERT INTO `tb_city` (`id`,`name`,`province_id`,`sequence`,`create_time`,`last_modify_time`) VALUES (144,'文昌',15,6,'2011-08-20 00:11:59','2011-08-20 00:11:59');
INSERT INTO `tb_city` (`id`,`name`,`province_id`,`sequence`,`create_time`,`last_modify_time`) VALUES (145,'万宁',15,7,'2011-08-20 00:11:59','2011-08-20 00:11:59');
INSERT INTO `tb_city` (`id`,`name`,`province_id`,`sequence`,`create_time`,`last_modify_time`) VALUES (146,'东方',15,8,'2011-08-20 00:11:59','2011-08-20 00:11:59');
INSERT INTO `tb_city` (`id`,`name`,`province_id`,`sequence`,`create_time`,`last_modify_time`) VALUES (147,'定安县',15,9,'2011-08-20 00:11:59','2011-08-20 00:11:59');
INSERT INTO `tb_city` (`id`,`name`,`province_id`,`sequence`,`create_time`,`last_modify_time`) VALUES (148,'屯昌县',15,10,'2011-08-20 00:11:59','2011-08-20 00:11:59');
INSERT INTO `tb_city` (`id`,`name`,`province_id`,`sequence`,`create_time`,`last_modify_time`) VALUES (149,'澄迈县',15,11,'2011-08-20 00:11:59','2011-08-20 00:11:59');
INSERT INTO `tb_city` (`id`,`name`,`province_id`,`sequence`,`create_time`,`last_modify_time`) VALUES (150,'临高县',15,12,'2011-08-20 00:11:59','2011-08-20 00:11:59');
INSERT INTO `tb_city` (`id`,`name`,`province_id`,`sequence`,`create_time`,`last_modify_time`) VALUES (151,'白沙黎族自治县',15,13,'2011-08-20 00:11:59','2011-08-20 00:11:59');
INSERT INTO `tb_city` (`id`,`name`,`province_id`,`sequence`,`create_time`,`last_modify_time`) VALUES (152,'昌江黎族自治县',15,14,'2011-08-20 00:11:59','2011-08-20 00:11:59');
INSERT INTO `tb_city` (`id`,`name`,`province_id`,`sequence`,`create_time`,`last_modify_time`) VALUES (153,'乐东黎族自治县',15,15,'2011-08-20 00:11:59','2011-08-20 00:11:59');
INSERT INTO `tb_city` (`id`,`name`,`province_id`,`sequence`,`create_time`,`last_modify_time`) VALUES (154,'陵水黎族自治县',15,16,'2011-08-20 00:11:59','2011-08-20 00:11:59');
INSERT INTO `tb_city` (`id`,`name`,`province_id`,`sequence`,`create_time`,`last_modify_time`) VALUES (155,'保亭黎族苗族自治县',15,17,'2011-08-20 00:11:59','2011-08-20 00:11:59');
INSERT INTO `tb_city` (`id`,`name`,`province_id`,`sequence`,`create_time`,`last_modify_time`) VALUES (156,'琼中黎族苗族自治县',15,18,'2011-08-20 00:11:59','2011-08-20 00:11:59');
INSERT INTO `tb_city` (`id`,`name`,`province_id`,`sequence`,`create_time`,`last_modify_time`) VALUES (157,'南京',16,1,'2011-08-20 00:11:59','2011-08-20 00:11:59');
INSERT INTO `tb_city` (`id`,`name`,`province_id`,`sequence`,`create_time`,`last_modify_time`) VALUES (158,'无锡',16,2,'2011-08-20 00:11:59','2011-08-20 00:11:59');
INSERT INTO `tb_city` (`id`,`name`,`province_id`,`sequence`,`create_time`,`last_modify_time`) VALUES (159,'徐州',16,3,'2011-08-20 00:11:59','2011-08-20 00:11:59');
INSERT INTO `tb_city` (`id`,`name`,`province_id`,`sequence`,`create_time`,`last_modify_time`) VALUES (160,'常州',16,4,'2011-08-20 00:11:59','2011-08-20 00:11:59');
INSERT INTO `tb_city` (`id`,`name`,`province_id`,`sequence`,`create_time`,`last_modify_time`) VALUES (161,'苏州',16,5,'2011-08-20 00:11:59','2011-08-20 00:11:59');
INSERT INTO `tb_city` (`id`,`name`,`province_id`,`sequence`,`create_time`,`last_modify_time`) VALUES (162,'南通',16,6,'2011-08-20 00:11:59','2011-08-20 00:11:59');
INSERT INTO `tb_city` (`id`,`name`,`province_id`,`sequence`,`create_time`,`last_modify_time`) VALUES (163,'连云港',16,7,'2011-08-20 00:11:59','2011-08-20 00:11:59');
INSERT INTO `tb_city` (`id`,`name`,`province_id`,`sequence`,`create_time`,`last_modify_time`) VALUES (164,'淮安',16,8,'2011-08-20 00:11:59','2011-08-20 00:11:59');
INSERT INTO `tb_city` (`id`,`name`,`province_id`,`sequence`,`create_time`,`last_modify_time`) VALUES (165,'盐城',16,9,'2011-08-20 00:11:59','2011-08-20 00:11:59');
INSERT INTO `tb_city` (`id`,`name`,`province_id`,`sequence`,`create_time`,`last_modify_time`) VALUES (166,'扬州',16,10,'2011-08-20 00:11:59','2011-08-20 00:11:59');
INSERT INTO `tb_city` (`id`,`name`,`province_id`,`sequence`,`create_time`,`last_modify_time`) VALUES (167,'镇江',16,11,'2011-08-20 00:11:59','2011-08-20 00:11:59');
INSERT INTO `tb_city` (`id`,`name`,`province_id`,`sequence`,`create_time`,`last_modify_time`) VALUES (168,'泰州',16,12,'2011-08-20 00:11:59','2011-08-20 00:11:59');
INSERT INTO `tb_city` (`id`,`name`,`province_id`,`sequence`,`create_time`,`last_modify_time`) VALUES (169,'宿迁',16,13,'2011-08-20 00:11:59','2011-08-20 00:11:59');
INSERT INTO `tb_city` (`id`,`name`,`province_id`,`sequence`,`create_time`,`last_modify_time`) VALUES (170,'南昌',17,1,'2011-08-20 00:11:59','2011-08-20 00:11:59');
INSERT INTO `tb_city` (`id`,`name`,`province_id`,`sequence`,`create_time`,`last_modify_time`) VALUES (171,'景德镇',17,2,'2011-08-20 00:11:59','2011-08-20 00:11:59');
INSERT INTO `tb_city` (`id`,`name`,`province_id`,`sequence`,`create_time`,`last_modify_time`) VALUES (172,'萍乡',17,3,'2011-08-20 00:11:59','2011-08-20 00:11:59');
INSERT INTO `tb_city` (`id`,`name`,`province_id`,`sequence`,`create_time`,`last_modify_time`) VALUES (173,'九江',17,4,'2011-08-20 00:11:59','2011-08-20 00:11:59');
INSERT INTO `tb_city` (`id`,`name`,`province_id`,`sequence`,`create_time`,`last_modify_time`) VALUES (174,'新余',17,5,'2011-08-20 00:11:59','2011-08-20 00:11:59');
INSERT INTO `tb_city` (`id`,`name`,`province_id`,`sequence`,`create_time`,`last_modify_time`) VALUES (175,'鹰潭',17,6,'2011-08-20 00:11:59','2011-08-20 00:11:59');
INSERT INTO `tb_city` (`id`,`name`,`province_id`,`sequence`,`create_time`,`last_modify_time`) VALUES (176,'赣州',17,7,'2011-08-20 00:11:59','2011-08-20 00:11:59');
INSERT INTO `tb_city` (`id`,`name`,`province_id`,`sequence`,`create_time`,`last_modify_time`) VALUES (177,'吉安',17,8,'2011-08-20 00:11:59','2011-08-20 00:11:59');
INSERT INTO `tb_city` (`id`,`name`,`province_id`,`sequence`,`create_time`,`last_modify_time`) VALUES (178,'宜春',17,9,'2011-08-20 00:11:59','2011-08-20 00:11:59');
INSERT INTO `tb_city` (`id`,`name`,`province_id`,`sequence`,`create_time`,`last_modify_time`) VALUES (179,'抚州',17,10,'2011-08-20 00:11:59','2011-08-20 00:11:59');
INSERT INTO `tb_city` (`id`,`name`,`province_id`,`sequence`,`create_time`,`last_modify_time`) VALUES (180,'上饶',17,11,'2011-08-20 00:11:59','2011-08-20 00:11:59');
INSERT INTO `tb_city` (`id`,`name`,`province_id`,`sequence`,`create_time`,`last_modify_time`) VALUES (181,'广州',18,1,'2011-08-20 00:11:59','2011-08-20 00:11:59');
INSERT INTO `tb_city` (`id`,`name`,`province_id`,`sequence`,`create_time`,`last_modify_time`) VALUES (182,'韶关',18,2,'2011-08-20 00:11:59','2011-08-20 00:11:59');
INSERT INTO `tb_city` (`id`,`name`,`province_id`,`sequence`,`create_time`,`last_modify_time`) VALUES (183,'深圳',18,3,'2011-08-20 00:11:59','2011-08-20 00:11:59');
INSERT INTO `tb_city` (`id`,`name`,`province_id`,`sequence`,`create_time`,`last_modify_time`) VALUES (184,'珠海',18,4,'2011-08-20 00:11:59','2011-08-20 00:11:59');
INSERT INTO `tb_city` (`id`,`name`,`province_id`,`sequence`,`create_time`,`last_modify_time`) VALUES (185,'汕头',18,5,'2011-08-20 00:11:59','2011-08-20 00:11:59');
INSERT INTO `tb_city` (`id`,`name`,`province_id`,`sequence`,`create_time`,`last_modify_time`) VALUES (186,'佛山',18,6,'2011-08-20 00:11:59','2011-08-20 00:11:59');
INSERT INTO `tb_city` (`id`,`name`,`province_id`,`sequence`,`create_time`,`last_modify_time`) VALUES (187,'江门',18,7,'2011-08-20 00:11:59','2011-08-20 00:11:59');
INSERT INTO `tb_city` (`id`,`name`,`province_id`,`sequence`,`create_time`,`last_modify_time`) VALUES (188,'湛江',18,8,'2011-08-20 00:11:59','2011-08-20 00:11:59');
INSERT INTO `tb_city` (`id`,`name`,`province_id`,`sequence`,`create_time`,`last_modify_time`) VALUES (189,'茂名',18,9,'2011-08-20 00:11:59','2011-08-20 00:11:59');
INSERT INTO `tb_city` (`id`,`name`,`province_id`,`sequence`,`create_time`,`last_modify_time`) VALUES (190,'肇庆',18,10,'2011-08-20 00:11:59','2011-08-20 00:11:59');
INSERT INTO `tb_city` (`id`,`name`,`province_id`,`sequence`,`create_time`,`last_modify_time`) VALUES (191,'惠州',18,11,'2011-08-20 00:11:59','2011-08-20 00:11:59');
INSERT INTO `tb_city` (`id`,`name`,`province_id`,`sequence`,`create_time`,`last_modify_time`) VALUES (192,'梅州',18,12,'2011-08-20 00:11:59','2011-08-20 00:11:59');
INSERT INTO `tb_city` (`id`,`name`,`province_id`,`sequence`,`create_time`,`last_modify_time`) VALUES (193,'汕尾',18,13,'2011-08-20 00:11:59','2011-08-20 00:11:59');
INSERT INTO `tb_city` (`id`,`name`,`province_id`,`sequence`,`create_time`,`last_modify_time`) VALUES (194,'河源',18,14,'2011-08-20 00:11:59','2011-08-20 00:11:59');
INSERT INTO `tb_city` (`id`,`name`,`province_id`,`sequence`,`create_time`,`last_modify_time`) VALUES (195,'阳江',18,15,'2011-08-20 00:11:59','2011-08-20 00:11:59');
INSERT INTO `tb_city` (`id`,`name`,`province_id`,`sequence`,`create_time`,`last_modify_time`) VALUES (196,'清远',18,16,'2011-08-20 00:11:59','2011-08-20 00:11:59');
INSERT INTO `tb_city` (`id`,`name`,`province_id`,`sequence`,`create_time`,`last_modify_time`) VALUES (197,'东莞',18,17,'2011-08-20 00:11:59','2011-08-20 00:11:59');
INSERT INTO `tb_city` (`id`,`name`,`province_id`,`sequence`,`create_time`,`last_modify_time`) VALUES (198,'中山',18,18,'2011-08-20 00:11:59','2011-08-20 00:11:59');
INSERT INTO `tb_city` (`id`,`name`,`province_id`,`sequence`,`create_time`,`last_modify_time`) VALUES (199,'潮州',18,19,'2011-08-20 00:11:59','2011-08-20 00:11:59');
INSERT INTO `tb_city` (`id`,`name`,`province_id`,`sequence`,`create_time`,`last_modify_time`) VALUES (200,'揭阳',18,20,'2011-08-20 00:11:59','2011-08-20 00:11:59');
INSERT INTO `tb_city` (`id`,`name`,`province_id`,`sequence`,`create_time`,`last_modify_time`) VALUES (201,'云浮',18,21,'2011-08-20 00:11:59','2011-08-20 00:11:59');
INSERT INTO `tb_city` (`id`,`name`,`province_id`,`sequence`,`create_time`,`last_modify_time`) VALUES (202,'南宁',19,1,'2011-08-20 00:12:00','2011-08-20 00:12:00');
INSERT INTO `tb_city` (`id`,`name`,`province_id`,`sequence`,`create_time`,`last_modify_time`) VALUES (203,'柳州',19,2,'2011-08-20 00:12:00','2011-08-20 00:12:00');
INSERT INTO `tb_city` (`id`,`name`,`province_id`,`sequence`,`create_time`,`last_modify_time`) VALUES (204,'桂林',19,3,'2011-08-20 00:12:00','2011-08-20 00:12:00');
INSERT INTO `tb_city` (`id`,`name`,`province_id`,`sequence`,`create_time`,`last_modify_time`) VALUES (205,'梧州',19,4,'2011-08-20 00:12:00','2011-08-20 00:12:00');
INSERT INTO `tb_city` (`id`,`name`,`province_id`,`sequence`,`create_time`,`last_modify_time`) VALUES (206,'北海',19,5,'2011-08-20 00:12:00','2011-08-20 00:12:00');
INSERT INTO `tb_city` (`id`,`name`,`province_id`,`sequence`,`create_time`,`last_modify_time`) VALUES (207,'防城港',19,6,'2011-08-20 00:12:00','2011-08-20 00:12:00');
INSERT INTO `tb_city` (`id`,`name`,`province_id`,`sequence`,`create_time`,`last_modify_time`) VALUES (208,'钦州',19,7,'2011-08-20 00:12:00','2011-08-20 00:12:00');
INSERT INTO `tb_city` (`id`,`name`,`province_id`,`sequence`,`create_time`,`last_modify_time`) VALUES (209,'贵港',19,8,'2011-08-20 00:12:00','2011-08-20 00:12:00');
INSERT INTO `tb_city` (`id`,`name`,`province_id`,`sequence`,`create_time`,`last_modify_time`) VALUES (210,'玉林',19,9,'2011-08-20 00:12:00','2011-08-20 00:12:00');
INSERT INTO `tb_city` (`id`,`name`,`province_id`,`sequence`,`create_time`,`last_modify_time`) VALUES (211,'百色',19,10,'2011-08-20 00:12:00','2011-08-20 00:12:00');
INSERT INTO `tb_city` (`id`,`name`,`province_id`,`sequence`,`create_time`,`last_modify_time`) VALUES (212,'贺州',19,11,'2011-08-20 00:12:00','2011-08-20 00:12:00');
INSERT INTO `tb_city` (`id`,`name`,`province_id`,`sequence`,`create_time`,`last_modify_time`) VALUES (213,'河池',19,12,'2011-08-20 00:12:00','2011-08-20 00:12:00');
INSERT INTO `tb_city` (`id`,`name`,`province_id`,`sequence`,`create_time`,`last_modify_time`) VALUES (214,'来宾',19,13,'2011-08-20 00:12:00','2011-08-20 00:12:00');
INSERT INTO `tb_city` (`id`,`name`,`province_id`,`sequence`,`create_time`,`last_modify_time`) VALUES (215,'崇左',19,14,'2011-08-20 00:12:00','2011-08-20 00:12:00');
INSERT INTO `tb_city` (`id`,`name`,`province_id`,`sequence`,`create_time`,`last_modify_time`) VALUES (216,'昆明',20,1,'2011-08-20 00:12:00','2011-08-20 00:12:00');
INSERT INTO `tb_city` (`id`,`name`,`province_id`,`sequence`,`create_time`,`last_modify_time`) VALUES (217,'曲靖',20,2,'2011-08-20 00:12:00','2011-08-20 00:12:00');
INSERT INTO `tb_city` (`id`,`name`,`province_id`,`sequence`,`create_time`,`last_modify_time`) VALUES (218,'玉溪',20,3,'2011-08-20 00:12:00','2011-08-20 00:12:00');
INSERT INTO `tb_city` (`id`,`name`,`province_id`,`sequence`,`create_time`,`last_modify_time`) VALUES (219,'保山',20,4,'2011-08-20 00:12:00','2011-08-20 00:12:00');
INSERT INTO `tb_city` (`id`,`name`,`province_id`,`sequence`,`create_time`,`last_modify_time`) VALUES (220,'昭通',20,5,'2011-08-20 00:12:00','2011-08-20 00:12:00');
INSERT INTO `tb_city` (`id`,`name`,`province_id`,`sequence`,`create_time`,`last_modify_time`) VALUES (221,'丽江',20,6,'2011-08-20 00:12:00','2011-08-20 00:12:00');
INSERT INTO `tb_city` (`id`,`name`,`province_id`,`sequence`,`create_time`,`last_modify_time`) VALUES (222,'思茅',20,7,'2011-08-20 00:12:00','2011-08-20 00:12:00');
INSERT INTO `tb_city` (`id`,`name`,`province_id`,`sequence`,`create_time`,`last_modify_time`) VALUES (223,'临沧',20,8,'2011-08-20 00:12:00','2011-08-20 00:12:00');
INSERT INTO `tb_city` (`id`,`name`,`province_id`,`sequence`,`create_time`,`last_modify_time`) VALUES (224,'楚雄彝族自治州',20,9,'2011-08-20 00:12:00','2011-08-20 00:12:00');
INSERT INTO `tb_city` (`id`,`name`,`province_id`,`sequence`,`create_time`,`last_modify_time`) VALUES (225,'红河哈尼族彝族自治州',20,10,'2011-08-20 00:12:00','2011-08-20 00:12:00');
INSERT INTO `tb_city` (`id`,`name`,`province_id`,`sequence`,`create_time`,`last_modify_time`) VALUES (226,'文山壮族苗族自治州',20,11,'2011-08-20 00:12:00','2011-08-20 00:12:00');
INSERT INTO `tb_city` (`id`,`name`,`province_id`,`sequence`,`create_time`,`last_modify_time`) VALUES (227,'西双版纳傣族自治州',20,12,'2011-08-20 00:12:00','2011-08-20 00:12:00');
INSERT INTO `tb_city` (`id`,`name`,`province_id`,`sequence`,`create_time`,`last_modify_time`) VALUES (228,'大理白族自治州',20,13,'2011-08-20 00:12:00','2011-08-20 00:12:00');
INSERT INTO `tb_city` (`id`,`name`,`province_id`,`sequence`,`create_time`,`last_modify_time`) VALUES (229,'德宏傣族景颇族自治州',20,14,'2011-08-20 00:12:00','2011-08-20 00:12:00');
INSERT INTO `tb_city` (`id`,`name`,`province_id`,`sequence`,`create_time`,`last_modify_time`) VALUES (230,'怒江傈僳族自治州',20,15,'2011-08-20 00:12:00','2011-08-20 00:12:00');
INSERT INTO `tb_city` (`id`,`name`,`province_id`,`sequence`,`create_time`,`last_modify_time`) VALUES (231,'迪庆藏族自治州',20,16,'2011-08-20 00:12:00','2011-08-20 00:12:00');
INSERT INTO `tb_city` (`id`,`name`,`province_id`,`sequence`,`create_time`,`last_modify_time`) VALUES (232,'贵阳',21,1,'2011-08-20 00:12:00','2011-08-20 00:12:00');
INSERT INTO `tb_city` (`id`,`name`,`province_id`,`sequence`,`create_time`,`last_modify_time`) VALUES (233,'六盘水',21,2,'2011-08-20 00:12:00','2011-08-20 00:12:00');
INSERT INTO `tb_city` (`id`,`name`,`province_id`,`sequence`,`create_time`,`last_modify_time`) VALUES (234,'遵义',21,3,'2011-08-20 00:12:00','2011-08-20 00:12:00');
INSERT INTO `tb_city` (`id`,`name`,`province_id`,`sequence`,`create_time`,`last_modify_time`) VALUES (235,'安顺',21,4,'2011-08-20 00:12:00','2011-08-20 00:12:00');
INSERT INTO `tb_city` (`id`,`name`,`province_id`,`sequence`,`create_time`,`last_modify_time`) VALUES (236,'铜仁地区',21,5,'2011-08-20 00:12:00','2011-08-20 00:12:00');
INSERT INTO `tb_city` (`id`,`name`,`province_id`,`sequence`,`create_time`,`last_modify_time`) VALUES (237,'黔西南布依族苗族自治州',21,6,'2011-08-20 00:12:00','2011-08-20 00:12:00');
INSERT INTO `tb_city` (`id`,`name`,`province_id`,`sequence`,`create_time`,`last_modify_time`) VALUES (238,'毕节地区',21,7,'2011-08-20 00:12:00','2011-08-20 00:12:00');
INSERT INTO `tb_city` (`id`,`name`,`province_id`,`sequence`,`create_time`,`last_modify_time`) VALUES (239,'黔东南苗族侗族自治州',21,8,'2011-08-20 00:12:00','2011-08-20 00:12:00');
INSERT INTO `tb_city` (`id`,`name`,`province_id`,`sequence`,`create_time`,`last_modify_time`) VALUES (240,'黔南布依族苗族自治州',21,9,'2011-08-20 00:12:00','2011-08-20 00:12:00');
INSERT INTO `tb_city` (`id`,`name`,`province_id`,`sequence`,`create_time`,`last_modify_time`) VALUES (241,'成都',22,1,'2011-08-20 00:12:00','2011-08-20 00:12:00');
INSERT INTO `tb_city` (`id`,`name`,`province_id`,`sequence`,`create_time`,`last_modify_time`) VALUES (242,'自贡',22,2,'2011-08-20 00:12:00','2011-08-20 00:12:00');
INSERT INTO `tb_city` (`id`,`name`,`province_id`,`sequence`,`create_time`,`last_modify_time`) VALUES (243,'攀枝花',22,3,'2011-08-20 00:12:00','2011-08-20 00:12:00');
INSERT INTO `tb_city` (`id`,`name`,`province_id`,`sequence`,`create_time`,`last_modify_time`) VALUES (244,'泸州',22,4,'2011-08-20 00:12:00','2011-08-20 00:12:00');
INSERT INTO `tb_city` (`id`,`name`,`province_id`,`sequence`,`create_time`,`last_modify_time`) VALUES (245,'德阳',22,5,'2011-08-20 00:12:00','2011-08-20 00:12:00');
INSERT INTO `tb_city` (`id`,`name`,`province_id`,`sequence`,`create_time`,`last_modify_time`) VALUES (246,'绵阳',22,6,'2011-08-20 00:12:00','2011-08-20 00:12:00');
INSERT INTO `tb_city` (`id`,`name`,`province_id`,`sequence`,`create_time`,`last_modify_time`) VALUES (247,'广元',22,7,'2011-08-20 00:12:00','2011-08-20 00:12:00');
INSERT INTO `tb_city` (`id`,`name`,`province_id`,`sequence`,`create_time`,`last_modify_time`) VALUES (248,'遂宁',22,8,'2011-08-20 00:12:00','2011-08-20 00:12:00');
INSERT INTO `tb_city` (`id`,`name`,`province_id`,`sequence`,`create_time`,`last_modify_time`) VALUES (249,'内江',22,9,'2011-08-20 00:12:00','2011-08-20 00:12:00');
INSERT INTO `tb_city` (`id`,`name`,`province_id`,`sequence`,`create_time`,`last_modify_time`) VALUES (250,'乐山',22,10,'2011-08-20 00:12:00','2011-08-20 00:12:00');
INSERT INTO `tb_city` (`id`,`name`,`province_id`,`sequence`,`create_time`,`last_modify_time`) VALUES (251,'南充',22,11,'2011-08-20 00:12:00','2011-08-20 00:12:00');
INSERT INTO `tb_city` (`id`,`name`,`province_id`,`sequence`,`create_time`,`last_modify_time`) VALUES (252,'眉山',22,12,'2011-08-20 00:12:00','2011-08-20 00:12:00');
INSERT INTO `tb_city` (`id`,`name`,`province_id`,`sequence`,`create_time`,`last_modify_time`) VALUES (253,'宜宾',22,13,'2011-08-20 00:12:00','2011-08-20 00:12:00');
INSERT INTO `tb_city` (`id`,`name`,`province_id`,`sequence`,`create_time`,`last_modify_time`) VALUES (254,'广安',22,14,'2011-08-20 00:12:00','2011-08-20 00:12:00');
INSERT INTO `tb_city` (`id`,`name`,`province_id`,`sequence`,`create_time`,`last_modify_time`) VALUES (255,'达州',22,15,'2011-08-20 00:12:00','2011-08-20 00:12:00');
INSERT INTO `tb_city` (`id`,`name`,`province_id`,`sequence`,`create_time`,`last_modify_time`) VALUES (256,'雅安',22,16,'2011-08-20 00:12:00','2011-08-20 00:12:00');
INSERT INTO `tb_city` (`id`,`name`,`province_id`,`sequence`,`create_time`,`last_modify_time`) VALUES (257,'巴中',22,17,'2011-08-20 00:12:00','2011-08-20 00:12:00');
INSERT INTO `tb_city` (`id`,`name`,`province_id`,`sequence`,`create_time`,`last_modify_time`) VALUES (258,'资阳',22,18,'2011-08-20 00:12:00','2011-08-20 00:12:00');
INSERT INTO `tb_city` (`id`,`name`,`province_id`,`sequence`,`create_time`,`last_modify_time`) VALUES (259,'阿坝藏族羌族自治州',22,19,'2011-08-20 00:12:00','2011-08-20 00:12:00');
INSERT INTO `tb_city` (`id`,`name`,`province_id`,`sequence`,`create_time`,`last_modify_time`) VALUES (260,'甘孜藏族自治州',22,20,'2011-08-20 00:12:00','2011-08-20 00:12:00');
INSERT INTO `tb_city` (`id`,`name`,`province_id`,`sequence`,`create_time`,`last_modify_time`) VALUES (261,'凉山彝族自治州',22,21,'2011-08-20 00:12:00','2011-08-20 00:12:00');
INSERT INTO `tb_city` (`id`,`name`,`province_id`,`sequence`,`create_time`,`last_modify_time`) VALUES (262,'呼和浩特',23,1,'2011-08-20 00:12:00','2011-08-20 00:12:00');
INSERT INTO `tb_city` (`id`,`name`,`province_id`,`sequence`,`create_time`,`last_modify_time`) VALUES (263,'包头',23,2,'2011-08-20 00:12:00','2011-08-20 00:12:00');
INSERT INTO `tb_city` (`id`,`name`,`province_id`,`sequence`,`create_time`,`last_modify_time`) VALUES (264,'乌海',23,3,'2011-08-20 00:12:00','2011-08-20 00:12:00');
INSERT INTO `tb_city` (`id`,`name`,`province_id`,`sequence`,`create_time`,`last_modify_time`) VALUES (265,'赤峰',23,4,'2011-08-20 00:12:00','2011-08-20 00:12:00');
INSERT INTO `tb_city` (`id`,`name`,`province_id`,`sequence`,`create_time`,`last_modify_time`) VALUES (266,'通辽',23,5,'2011-08-20 00:12:00','2011-08-20 00:12:00');
INSERT INTO `tb_city` (`id`,`name`,`province_id`,`sequence`,`create_time`,`last_modify_time`) VALUES (267,'鄂尔多斯',23,6,'2011-08-20 00:12:00','2011-08-20 00:12:00');
INSERT INTO `tb_city` (`id`,`name`,`province_id`,`sequence`,`create_time`,`last_modify_time`) VALUES (268,'呼伦贝尔',23,7,'2011-08-20 00:12:00','2011-08-20 00:12:00');
INSERT INTO `tb_city` (`id`,`name`,`province_id`,`sequence`,`create_time`,`last_modify_time`) VALUES (269,'巴彦淖尔',23,8,'2011-08-20 00:12:00','2011-08-20 00:12:00');
INSERT INTO `tb_city` (`id`,`name`,`province_id`,`sequence`,`create_time`,`last_modify_time`) VALUES (270,'乌兰察布',23,9,'2011-08-20 00:12:00','2011-08-20 00:12:00');
INSERT INTO `tb_city` (`id`,`name`,`province_id`,`sequence`,`create_time`,`last_modify_time`) VALUES (271,'兴安盟',23,10,'2011-08-20 00:12:00','2011-08-20 00:12:00');
INSERT INTO `tb_city` (`id`,`name`,`province_id`,`sequence`,`create_time`,`last_modify_time`) VALUES (272,'锡林郭勒盟',23,11,'2011-08-20 00:12:00','2011-08-20 00:12:00');
INSERT INTO `tb_city` (`id`,`name`,`province_id`,`sequence`,`create_time`,`last_modify_time`) VALUES (273,'阿拉善盟',23,12,'2011-08-20 00:12:00','2011-08-20 00:12:00');
INSERT INTO `tb_city` (`id`,`name`,`province_id`,`sequence`,`create_time`,`last_modify_time`) VALUES (274,'银川',24,1,'2011-08-20 00:12:00','2011-08-20 00:12:00');
INSERT INTO `tb_city` (`id`,`name`,`province_id`,`sequence`,`create_time`,`last_modify_time`) VALUES (275,'石嘴山',24,2,'2011-08-20 00:12:00','2011-08-20 00:12:00');
INSERT INTO `tb_city` (`id`,`name`,`province_id`,`sequence`,`create_time`,`last_modify_time`) VALUES (276,'吴忠',24,3,'2011-08-20 00:12:00','2011-08-20 00:12:00');
INSERT INTO `tb_city` (`id`,`name`,`province_id`,`sequence`,`create_time`,`last_modify_time`) VALUES (277,'固原',24,4,'2011-08-20 00:12:00','2011-08-20 00:12:00');
INSERT INTO `tb_city` (`id`,`name`,`province_id`,`sequence`,`create_time`,`last_modify_time`) VALUES (278,'中卫',24,5,'2011-08-20 00:12:00','2011-08-20 00:12:00');
INSERT INTO `tb_city` (`id`,`name`,`province_id`,`sequence`,`create_time`,`last_modify_time`) VALUES (279,'兰州',25,1,'2011-08-20 00:12:00','2011-08-20 00:12:00');
INSERT INTO `tb_city` (`id`,`name`,`province_id`,`sequence`,`create_time`,`last_modify_time`) VALUES (280,'嘉峪关',25,2,'2011-08-20 00:12:00','2011-08-20 00:12:00');
INSERT INTO `tb_city` (`id`,`name`,`province_id`,`sequence`,`create_time`,`last_modify_time`) VALUES (281,'金昌',25,3,'2011-08-20 00:12:00','2011-08-20 00:12:00');
INSERT INTO `tb_city` (`id`,`name`,`province_id`,`sequence`,`create_time`,`last_modify_time`) VALUES (282,'白银',25,4,'2011-08-20 00:12:00','2011-08-20 00:12:00');
INSERT INTO `tb_city` (`id`,`name`,`province_id`,`sequence`,`create_time`,`last_modify_time`) VALUES (283,'天水',25,5,'2011-08-20 00:12:00','2011-08-20 00:12:00');
INSERT INTO `tb_city` (`id`,`name`,`province_id`,`sequence`,`create_time`,`last_modify_time`) VALUES (284,'武威',25,6,'2011-08-20 00:12:00','2011-08-20 00:12:00');
INSERT INTO `tb_city` (`id`,`name`,`province_id`,`sequence`,`create_time`,`last_modify_time`) VALUES (285,'张掖',25,7,'2011-08-20 00:12:00','2011-08-20 00:12:00');
INSERT INTO `tb_city` (`id`,`name`,`province_id`,`sequence`,`create_time`,`last_modify_time`) VALUES (286,'平凉',25,8,'2011-08-20 00:12:00','2011-08-20 00:12:00');
INSERT INTO `tb_city` (`id`,`name`,`province_id`,`sequence`,`create_time`,`last_modify_time`) VALUES (287,'酒泉',25,9,'2011-08-20 00:12:00','2011-08-20 00:12:00');
INSERT INTO `tb_city` (`id`,`name`,`province_id`,`sequence`,`create_time`,`last_modify_time`) VALUES (288,'庆阳',25,10,'2011-08-20 00:12:00','2011-08-20 00:12:00');
INSERT INTO `tb_city` (`id`,`name`,`province_id`,`sequence`,`create_time`,`last_modify_time`) VALUES (289,'定西',25,11,'2011-08-20 00:12:00','2011-08-20 00:12:00');
INSERT INTO `tb_city` (`id`,`name`,`province_id`,`sequence`,`create_time`,`last_modify_time`) VALUES (290,'陇南',25,12,'2011-08-20 00:12:00','2011-08-20 00:12:00');
INSERT INTO `tb_city` (`id`,`name`,`province_id`,`sequence`,`create_time`,`last_modify_time`) VALUES (291,'临夏回族自治州',25,13,'2011-08-20 00:12:00','2011-08-20 00:12:00');
INSERT INTO `tb_city` (`id`,`name`,`province_id`,`sequence`,`create_time`,`last_modify_time`) VALUES (292,'甘南藏族自治州',25,14,'2011-08-20 00:12:00','2011-08-20 00:12:00');
INSERT INTO `tb_city` (`id`,`name`,`province_id`,`sequence`,`create_time`,`last_modify_time`) VALUES (293,'西宁',26,1,'2011-08-20 00:12:00','2011-08-20 00:12:00');
INSERT INTO `tb_city` (`id`,`name`,`province_id`,`sequence`,`create_time`,`last_modify_time`) VALUES (294,'海东地区',26,2,'2011-08-20 00:12:00','2011-08-20 00:12:00');
INSERT INTO `tb_city` (`id`,`name`,`province_id`,`sequence`,`create_time`,`last_modify_time`) VALUES (295,'海北藏族自治州',26,3,'2011-08-20 00:12:00','2011-08-20 00:12:00');
INSERT INTO `tb_city` (`id`,`name`,`province_id`,`sequence`,`create_time`,`last_modify_time`) VALUES (296,'黄南藏族自治州',26,4,'2011-08-20 00:12:00','2011-08-20 00:12:00');
INSERT INTO `tb_city` (`id`,`name`,`province_id`,`sequence`,`create_time`,`last_modify_time`) VALUES (297,'海南藏族自治州',26,5,'2011-08-20 00:12:00','2011-08-20 00:12:00');
INSERT INTO `tb_city` (`id`,`name`,`province_id`,`sequence`,`create_time`,`last_modify_time`) VALUES (298,'果洛藏族自治州',26,6,'2011-08-20 00:12:00','2011-08-20 00:12:00');
INSERT INTO `tb_city` (`id`,`name`,`province_id`,`sequence`,`create_time`,`last_modify_time`) VALUES (299,'玉树藏族自治州',26,7,'2011-08-20 00:12:00','2011-08-20 00:12:00');
INSERT INTO `tb_city` (`id`,`name`,`province_id`,`sequence`,`create_time`,`last_modify_time`) VALUES (300,'海西蒙古族藏族自治州',26,8,'2011-08-20 00:12:00','2011-08-20 00:12:00');
INSERT INTO `tb_city` (`id`,`name`,`province_id`,`sequence`,`create_time`,`last_modify_time`) VALUES (301,'拉萨',27,1,'2011-08-20 00:12:00','2011-08-20 00:12:00');
INSERT INTO `tb_city` (`id`,`name`,`province_id`,`sequence`,`create_time`,`last_modify_time`) VALUES (302,'昌都地区',27,2,'2011-08-20 00:12:01','2011-08-20 00:12:01');
INSERT INTO `tb_city` (`id`,`name`,`province_id`,`sequence`,`create_time`,`last_modify_time`) VALUES (303,'山南地区',27,3,'2011-08-20 00:12:01','2011-08-20 00:12:01');
INSERT INTO `tb_city` (`id`,`name`,`province_id`,`sequence`,`create_time`,`last_modify_time`) VALUES (304,'日喀则地区',27,4,'2011-08-20 00:12:01','2011-08-20 00:12:01');
INSERT INTO `tb_city` (`id`,`name`,`province_id`,`sequence`,`create_time`,`last_modify_time`) VALUES (305,'那曲地区',27,5,'2011-08-20 00:12:01','2011-08-20 00:12:01');
INSERT INTO `tb_city` (`id`,`name`,`province_id`,`sequence`,`create_time`,`last_modify_time`) VALUES (306,'阿里地区',27,6,'2011-08-20 00:12:01','2011-08-20 00:12:01');
INSERT INTO `tb_city` (`id`,`name`,`province_id`,`sequence`,`create_time`,`last_modify_time`) VALUES (307,'林芝地区',27,7,'2011-08-20 00:12:01','2011-08-20 00:12:01');
INSERT INTO `tb_city` (`id`,`name`,`province_id`,`sequence`,`create_time`,`last_modify_time`) VALUES (308,'乌鲁木齐',28,1,'2011-08-20 00:12:01','2011-08-20 00:12:01');
INSERT INTO `tb_city` (`id`,`name`,`province_id`,`sequence`,`create_time`,`last_modify_time`) VALUES (309,'克拉玛依',28,2,'2011-08-20 00:12:01','2011-08-20 00:12:01');
INSERT INTO `tb_city` (`id`,`name`,`province_id`,`sequence`,`create_time`,`last_modify_time`) VALUES (310,'吐鲁番地区',28,3,'2011-08-20 00:12:01','2011-08-20 00:12:01');
INSERT INTO `tb_city` (`id`,`name`,`province_id`,`sequence`,`create_time`,`last_modify_time`) VALUES (311,'哈密地区',28,4,'2011-08-20 00:12:01','2011-08-20 00:12:01');
INSERT INTO `tb_city` (`id`,`name`,`province_id`,`sequence`,`create_time`,`last_modify_time`) VALUES (312,'昌吉回族自治州',28,5,'2011-08-20 00:12:01','2011-08-20 00:12:01');
INSERT INTO `tb_city` (`id`,`name`,`province_id`,`sequence`,`create_time`,`last_modify_time`) VALUES (313,'博尔塔拉蒙古自治州',28,6,'2011-08-20 00:12:01','2011-08-20 00:12:01');
INSERT INTO `tb_city` (`id`,`name`,`province_id`,`sequence`,`create_time`,`last_modify_time`) VALUES (314,'巴音郭楞蒙古自治州',28,7,'2011-08-20 00:12:01','2011-08-20 00:12:01');
INSERT INTO `tb_city` (`id`,`name`,`province_id`,`sequence`,`create_time`,`last_modify_time`) VALUES (315,'阿克苏地区',28,8,'2011-08-20 00:12:01','2011-08-20 00:12:01');
INSERT INTO `tb_city` (`id`,`name`,`province_id`,`sequence`,`create_time`,`last_modify_time`) VALUES (316,'克孜勒苏柯尔克孜自治州',28,9,'2011-08-20 00:12:01','2011-08-20 00:12:01');
INSERT INTO `tb_city` (`id`,`name`,`province_id`,`sequence`,`create_time`,`last_modify_time`) VALUES (317,'喀什地区',28,10,'2011-08-20 00:12:01','2011-08-20 00:12:01');
INSERT INTO `tb_city` (`id`,`name`,`province_id`,`sequence`,`create_time`,`last_modify_time`) VALUES (318,'和田地区',28,11,'2011-08-20 00:12:01','2011-08-20 00:12:01');
INSERT INTO `tb_city` (`id`,`name`,`province_id`,`sequence`,`create_time`,`last_modify_time`) VALUES (319,'伊犁哈萨克自治州',28,12,'2011-08-20 00:12:01','2011-08-20 00:12:01');
INSERT INTO `tb_city` (`id`,`name`,`province_id`,`sequence`,`create_time`,`last_modify_time`) VALUES (320,'塔城地区',28,13,'2011-08-20 00:12:01','2011-08-20 00:12:01');
INSERT INTO `tb_city` (`id`,`name`,`province_id`,`sequence`,`create_time`,`last_modify_time`) VALUES (321,'阿勒泰地区',28,14,'2011-08-20 00:12:01','2011-08-20 00:12:01');
INSERT INTO `tb_city` (`id`,`name`,`province_id`,`sequence`,`create_time`,`last_modify_time`) VALUES (322,'石河子',28,15,'2011-08-20 00:12:01','2011-08-20 00:12:01');
INSERT INTO `tb_city` (`id`,`name`,`province_id`,`sequence`,`create_time`,`last_modify_time`) VALUES (323,'阿拉尔',28,16,'2011-08-20 00:12:01','2011-08-20 00:12:01');
INSERT INTO `tb_city` (`id`,`name`,`province_id`,`sequence`,`create_time`,`last_modify_time`) VALUES (324,'图木舒克',28,17,'2011-08-20 00:12:01','2011-08-20 00:12:01');
INSERT INTO `tb_city` (`id`,`name`,`province_id`,`sequence`,`create_time`,`last_modify_time`) VALUES (325,'五家渠',28,18,'2011-08-20 00:12:01','2011-08-20 00:12:01');
INSERT INTO `tb_city` (`id`,`name`,`province_id`,`sequence`,`create_time`,`last_modify_time`) VALUES (326,'合肥',29,1,'2011-08-20 00:12:01','2011-08-20 00:12:01');
INSERT INTO `tb_city` (`id`,`name`,`province_id`,`sequence`,`create_time`,`last_modify_time`) VALUES (327,'芜湖',29,2,'2011-08-20 00:12:01','2011-08-20 00:12:01');
INSERT INTO `tb_city` (`id`,`name`,`province_id`,`sequence`,`create_time`,`last_modify_time`) VALUES (328,'蚌埠',29,3,'2011-08-20 00:12:01','2011-08-20 00:12:01');
INSERT INTO `tb_city` (`id`,`name`,`province_id`,`sequence`,`create_time`,`last_modify_time`) VALUES (329,'淮南',29,4,'2011-08-20 00:12:01','2011-08-20 00:12:01');
INSERT INTO `tb_city` (`id`,`name`,`province_id`,`sequence`,`create_time`,`last_modify_time`) VALUES (330,'马鞍山',29,5,'2011-08-20 00:12:01','2011-08-20 00:12:01');
INSERT INTO `tb_city` (`id`,`name`,`province_id`,`sequence`,`create_time`,`last_modify_time`) VALUES (331,'淮北',29,6,'2011-08-20 00:12:01','2011-08-20 00:12:01');
INSERT INTO `tb_city` (`id`,`name`,`province_id`,`sequence`,`create_time`,`last_modify_time`) VALUES (332,'铜陵',29,7,'2011-08-20 00:12:01','2011-08-20 00:12:01');
INSERT INTO `tb_city` (`id`,`name`,`province_id`,`sequence`,`create_time`,`last_modify_time`) VALUES (333,'安庆',29,8,'2011-08-20 00:12:01','2011-08-20 00:12:01');
INSERT INTO `tb_city` (`id`,`name`,`province_id`,`sequence`,`create_time`,`last_modify_time`) VALUES (334,'黄山',29,9,'2011-08-20 00:12:01','2011-08-20 00:12:01');
INSERT INTO `tb_city` (`id`,`name`,`province_id`,`sequence`,`create_time`,`last_modify_time`) VALUES (335,'滁州',29,10,'2011-08-20 00:12:01','2011-08-20 00:12:01');
INSERT INTO `tb_city` (`id`,`name`,`province_id`,`sequence`,`create_time`,`last_modify_time`) VALUES (336,'阜阳',29,11,'2011-08-20 00:12:01','2011-08-20 00:12:01');
INSERT INTO `tb_city` (`id`,`name`,`province_id`,`sequence`,`create_time`,`last_modify_time`) VALUES (337,'宿州',29,12,'2011-08-20 00:12:01','2011-08-20 00:12:01');
INSERT INTO `tb_city` (`id`,`name`,`province_id`,`sequence`,`create_time`,`last_modify_time`) VALUES (338,'巢湖',29,13,'2011-08-20 00:12:01','2011-08-20 00:12:01');
INSERT INTO `tb_city` (`id`,`name`,`province_id`,`sequence`,`create_time`,`last_modify_time`) VALUES (339,'六安',29,14,'2011-08-20 00:12:01','2011-08-20 00:12:01');
INSERT INTO `tb_city` (`id`,`name`,`province_id`,`sequence`,`create_time`,`last_modify_time`) VALUES (340,'亳州',29,15,'2011-08-20 00:12:01','2011-08-20 00:12:01');
INSERT INTO `tb_city` (`id`,`name`,`province_id`,`sequence`,`create_time`,`last_modify_time`) VALUES (341,'池州',29,16,'2011-08-20 00:12:01','2011-08-20 00:12:01');
INSERT INTO `tb_city` (`id`,`name`,`province_id`,`sequence`,`create_time`,`last_modify_time`) VALUES (342,'宣城',29,17,'2011-08-20 00:12:01','2011-08-20 00:12:01');
INSERT INTO `tb_city` (`id`,`name`,`province_id`,`sequence`,`create_time`,`last_modify_time`) VALUES (343,'杭州',30,1,'2011-08-20 00:12:01','2011-08-20 00:12:01');
INSERT INTO `tb_city` (`id`,`name`,`province_id`,`sequence`,`create_time`,`last_modify_time`) VALUES (344,'宁波',30,2,'2011-08-20 00:12:01','2011-08-20 00:12:01');
INSERT INTO `tb_city` (`id`,`name`,`province_id`,`sequence`,`create_time`,`last_modify_time`) VALUES (345,'温州',30,3,'2011-08-20 00:12:01','2011-08-20 00:12:01');
INSERT INTO `tb_city` (`id`,`name`,`province_id`,`sequence`,`create_time`,`last_modify_time`) VALUES (346,'嘉兴',30,4,'2011-08-20 00:12:01','2011-08-20 00:12:01');
INSERT INTO `tb_city` (`id`,`name`,`province_id`,`sequence`,`create_time`,`last_modify_time`) VALUES (347,'湖州',30,5,'2011-08-20 00:12:01','2011-08-20 00:12:01');
INSERT INTO `tb_city` (`id`,`name`,`province_id`,`sequence`,`create_time`,`last_modify_time`) VALUES (348,'绍兴',30,6,'2011-08-20 00:12:01','2011-08-20 00:12:01');
INSERT INTO `tb_city` (`id`,`name`,`province_id`,`sequence`,`create_time`,`last_modify_time`) VALUES (349,'金华',30,7,'2011-08-20 00:12:01','2011-08-20 00:12:01');
INSERT INTO `tb_city` (`id`,`name`,`province_id`,`sequence`,`create_time`,`last_modify_time`) VALUES (350,'衢州',30,8,'2011-08-20 00:12:01','2011-08-20 00:12:01');
INSERT INTO `tb_city` (`id`,`name`,`province_id`,`sequence`,`create_time`,`last_modify_time`) VALUES (351,'舟山',30,9,'2011-08-20 00:12:01','2011-08-20 00:12:01');
INSERT INTO `tb_city` (`id`,`name`,`province_id`,`sequence`,`create_time`,`last_modify_time`) VALUES (352,'台州',30,10,'2011-08-20 00:12:01','2011-08-20 00:12:01');
INSERT INTO `tb_city` (`id`,`name`,`province_id`,`sequence`,`create_time`,`last_modify_time`) VALUES (353,'丽水',30,11,'2011-08-20 00:12:01','2011-08-20 00:12:01');
INSERT INTO `tb_city` (`id`,`name`,`province_id`,`sequence`,`create_time`,`last_modify_time`) VALUES (354,'福州',31,1,'2011-08-20 00:12:01','2011-08-20 00:12:01');
INSERT INTO `tb_city` (`id`,`name`,`province_id`,`sequence`,`create_time`,`last_modify_time`) VALUES (355,'厦门',31,2,'2011-08-20 00:12:01','2011-08-20 00:12:01');
INSERT INTO `tb_city` (`id`,`name`,`province_id`,`sequence`,`create_time`,`last_modify_time`) VALUES (356,'莆田',31,3,'2011-08-20 00:12:01','2011-08-20 00:12:01');
INSERT INTO `tb_city` (`id`,`name`,`province_id`,`sequence`,`create_time`,`last_modify_time`) VALUES (357,'三明',31,4,'2011-08-20 00:12:01','2011-08-20 00:12:01');
INSERT INTO `tb_city` (`id`,`name`,`province_id`,`sequence`,`create_time`,`last_modify_time`) VALUES (358,'泉州',31,5,'2011-08-20 00:12:01','2011-08-20 00:12:01');
INSERT INTO `tb_city` (`id`,`name`,`province_id`,`sequence`,`create_time`,`last_modify_time`) VALUES (359,'漳州',31,6,'2011-08-20 00:12:01','2011-08-20 00:12:01');
INSERT INTO `tb_city` (`id`,`name`,`province_id`,`sequence`,`create_time`,`last_modify_time`) VALUES (360,'南平',31,7,'2011-08-20 00:12:01','2011-08-20 00:12:01');
INSERT INTO `tb_city` (`id`,`name`,`province_id`,`sequence`,`create_time`,`last_modify_time`) VALUES (361,'龙岩',31,8,'2011-08-20 00:12:01','2011-08-20 00:12:01');
INSERT INTO `tb_city` (`id`,`name`,`province_id`,`sequence`,`create_time`,`last_modify_time`) VALUES (362,'宁德',31,9,'2011-08-20 00:12:01','2011-08-20 00:12:01');
INSERT INTO `tb_city` (`id`,`name`,`province_id`,`sequence`,`create_time`,`last_modify_time`) VALUES (363,'香港',32,1,'2011-08-20 00:12:01','2011-08-20 00:12:01');
INSERT INTO `tb_city` (`id`,`name`,`province_id`,`sequence`,`create_time`,`last_modify_time`) VALUES (364,'台湾',33,1,'2011-08-20 00:12:01','2011-08-20 00:12:01');
INSERT INTO `tb_city` (`id`,`name`,`province_id`,`sequence`,`create_time`,`last_modify_time`) VALUES (365,'澳门',34,1,'2011-08-20 00:12:01','2011-08-20 00:12:01');
INSERT INTO `tb_city` (`id`,`name`,`province_id`,`sequence`,`create_time`,`last_modify_time`) VALUES (366,'美国',35,1,'2011-08-20 00:12:01','2011-08-20 00:12:01');
INSERT INTO `tb_city` (`id`,`name`,`province_id`,`sequence`,`create_time`,`last_modify_time`) VALUES (367,'加拿大',35,2,'2011-08-20 00:12:01','2011-08-20 00:12:01');
INSERT INTO `tb_city` (`id`,`name`,`province_id`,`sequence`,`create_time`,`last_modify_time`) VALUES (368,'日本',35,3,'2011-08-20 00:12:01','2011-08-20 00:12:01');
INSERT INTO `tb_city` (`id`,`name`,`province_id`,`sequence`,`create_time`,`last_modify_time`) VALUES (369,'韩国',35,4,'2011-08-20 00:12:01','2011-08-20 00:12:01');
INSERT INTO `tb_city` (`id`,`name`,`province_id`,`sequence`,`create_time`,`last_modify_time`) VALUES (370,'新加坡',35,5,'2011-08-20 00:12:01','2011-08-20 00:12:01');
INSERT INTO `tb_city` (`id`,`name`,`province_id`,`sequence`,`create_time`,`last_modify_time`) VALUES (371,'澳大利亚',35,6,'2011-08-20 00:12:01','2011-08-20 00:12:01');
INSERT INTO `tb_city` (`id`,`name`,`province_id`,`sequence`,`create_time`,`last_modify_time`) VALUES (372,'新西兰',35,7,'2011-08-20 00:12:01','2011-08-20 00:12:01');
INSERT INTO `tb_city` (`id`,`name`,`province_id`,`sequence`,`create_time`,`last_modify_time`) VALUES (373,'英国',35,8,'2011-08-20 00:12:01','2011-08-20 00:12:01');
INSERT INTO `tb_city` (`id`,`name`,`province_id`,`sequence`,`create_time`,`last_modify_time`) VALUES (374,'法国',35,9,'2011-08-20 00:12:01','2011-08-20 00:12:01');
INSERT INTO `tb_city` (`id`,`name`,`province_id`,`sequence`,`create_time`,`last_modify_time`) VALUES (375,'德国',35,10,'2011-08-20 00:12:01','2011-08-20 00:12:01');
INSERT INTO `tb_city` (`id`,`name`,`province_id`,`sequence`,`create_time`,`last_modify_time`) VALUES (376,'意大利',35,11,'2011-08-20 00:12:01','2011-08-20 00:12:01');
INSERT INTO `tb_city` (`id`,`name`,`province_id`,`sequence`,`create_time`,`last_modify_time`) VALUES (377,'俄罗斯',35,12,'2011-08-20 00:12:01','2011-08-20 00:12:01');
INSERT INTO `tb_city` (`id`,`name`,`province_id`,`sequence`,`create_time`,`last_modify_time`) VALUES (378,'印尼',35,13,'2011-08-20 00:12:01','2011-08-20 00:12:01');
INSERT INTO `tb_city` (`id`,`name`,`province_id`,`sequence`,`create_time`,`last_modify_time`) VALUES (379,'马来西亚',35,14,'2011-08-20 00:12:01','2011-08-20 00:12:01');
INSERT INTO `tb_city` (`id`,`name`,`province_id`,`sequence`,`create_time`,`last_modify_time`) VALUES (380,'其他',35,15,'2011-08-20 00:12:01','2011-08-20 00:12:01');

insert into juzhai.tb_thirdparty (id,name,join_type,app_key,app_secret,app_url,user_home_url) values (1,'kaixin001','app','158820497219e41f42ceff3ff18b6e73','58c480e2630a4d298750662382a00d94','http://www.kaixin001.com/!app_juzhaiqi/','http://www.kaixin001.com/home/?uid={0}');

insert into juzhai.tb_question (type,name,answer,invite_text,invite_word) values (0,'你觉得{0}有多宅？','有点宅|比较宅|比我宅|很宅|相当宅','提醒你别老宅着了','我觉得你{0}。');
insert into juzhai.tb_question (type,name,answer,invite_text,invite_word) values (0,'你觉得{0}能几天不出门？','1天|2天|3天|1周|1个月','提醒你别老宅在家哦','我觉得你可以{0}不出门。');
insert into juzhai.tb_question (type,name,answer,invite_text,invite_word) values (0,'你猜猜{0}上次出门运动是多久以前？','1周前|1个月前|半年前|1年前|上个世纪','提醒你有空多出去运动运动哦','我猜你上次运动是在{0}。');
insert into juzhai.tb_question (type,name,answer,invite_text,invite_word) values (0,'你觉得{0}能对着电脑发呆多久？','1小时|半天|1天|1周|1个月','提醒你有空还是该多出去玩玩吧','我觉得你能对着电脑发呆{0}。');
insert into juzhai.tb_question (type,name,answer,invite_text,invite_word) values (0,'你觉得{0}能连吃几顿泡面？','2顿|3顿|5顿|10顿|20顿','提醒你找机会出去吃顿好的吧','我觉得你能在家连吃{0}顿泡面。');
insert into juzhai.tb_question (type,name,answer,invite_text,invite_word) values (0,'你有多久没见到{0}了？','1天|1周|1个月|1年|很久','提醒你有空多跟朋友们聚聚吧','我已经{0}没见过你了。');
insert into juzhai.tb_question (type,name,answer,invite_text,invite_word) values (0,'猜猜你和{0}下一次见面是什么时候？','1天后|1周后|1个月后|1年后|很久以后','提醒你多跟身边朋友们聚聚吧','我估计下次和你见面要{0}了。');
insert into juzhai.tb_question (type,name,answer,invite_text,invite_word) values (0,'你觉得{0}会连续加班几天？','2天|3天|4天|5天|很多天','提醒你别忘了劳逸结合哦','我觉得你会连续加班{0}。');
insert into juzhai.tb_question (type,name,answer,invite_text,invite_word) values (0,'你猜{0}周日会懒床到几点？','9点|10点|12点|下午2点|下午5点','提醒你早睡早起有益健康哦','我猜你周末会赖床到{0}。');
insert into juzhai.tb_question (type,name,answer,invite_text,invite_word) values (0,'你觉得{0}能坚持健身多长时间？','1天|3天|1周|1个月|半年','提醒你锻炼身体贵在坚持哦','我觉得你能坚持健身{0}时间。');

insert into juzhai.tb_question (type,name,answer,invite_text,invite_word) values (1,'你猜{0}这周末会宅在家里么？','会|不会','提醒你宅在家里不如找朋友出去玩玩咯','我猜你这周末又会宅在家里吧。');
insert into juzhai.tb_question (type,name,answer,invite_text,invite_word) values (1,'你是不是觉得{0}有了另一半后，就很少出来和朋友聚会了？','是|否','提醒你别冷落了身边的朋友哦','我觉得你有了另一半后，就很少出来和朋友聚会了。');
insert into juzhai.tb_question (type,name,answer,invite_text,invite_word) values (1,'你觉得{0}离得开电脑么？','离不开|离得开','提醒你适当放下电脑，多多户外活动吧','我觉得你已经离不开电脑了。');
insert into juzhai.tb_question (type,name,answer,invite_text,invite_word) values (1,'你觉得{0}最近寂寞难耐么？','是|否','提醒你来看看好友们最近有什么出去玩的计划哦','我猜你最近寂寞难耐了吧，哈哈。');
insert into juzhai.tb_question (type,name,answer,invite_text,invite_word) values (1,'你觉得{0}是个爱玩的人么？','是|否','提醒你来拒宅器和好友们一起聚聚吧','我觉得你其实是个爱玩的人，但独乐乐不如众乐乐哦。');
insert into juzhai.tb_question (type,name,answer,invite_text,invite_word) values (1,'如果{0}邀请你去家里做客，你会去么？','会|不会','在暗示你去拒宅器邀请他哦','如果你邀请我去你家做客，我一定会厚着脸皮来的哦。');
insert into juzhai.tb_question (type,name,answer,invite_text,invite_word) values (1,'你觉得{0}是麦霸么？','是|不是','提醒你有空出来一起K歌吧','你这个麦霸；最近想不想出来一展歌喉？');
insert into juzhai.tb_question (type,name,answer,invite_text,invite_word) values (1,'你觉得{0}在朋友聚餐时是不是如狼似虎？','是|不是','暗示你该多请朋友们出来吃饭咯','我觉得你每次在朋友聚餐时都如狼似虎。');
insert into juzhai.tb_question (type,name,answer,invite_text,invite_word) values (1,'你觉得{0}K歌跑调么？','跑调|还好','提醒你有空多一起出来练练歌吧','你之前唱歌老跑调，该练练了。');
insert into juzhai.tb_question (type,name,answer,invite_text,invite_word) values (1,'你觉得{0}在朋友聚会时能hold住场面么？','能|不能','暗示你多组织些好友聚会吧','我觉得你每次聚会都能hold住场面，哈哈。');
insert into juzhai.tb_question (type,name,answer,invite_text,invite_word) values (1,'你的印象中{0}见到陌生异性会害羞么？','会|不会','提醒你有机会多接触些异性哦','我的印象中，你见到陌生异性会很害羞的，哈哈。');
